AAR,STATKODE,BYDEL,Total,Percentage,COUNTRY,DISTRICT
1992.0,0.0,1.0,40595.0,0.518441419121,Foreign Nations,Indre By
1992.0,0.0,2.0,62221.0,0.514486761812,Foreign Nations,Østerbro
1992.0,0.0,3.0,67251.0,0.53603111724,Foreign Nations,Nørrebro
1992.0,0.0,4.0,47854.0,0.537244731849,Foreign Nations,Vesterbro/Kgs. Enghave
1992.0,0.0,5.0,43688.0,0.514854752224,Foreign Nations,Valby
1992.0,0.0,6.0,34303.0,0.509513553658,Foreign Nations,Vanløse
1992.0,0.0,7.0,36746.0,0.514678693484,Foreign Nations,Brønshøj-Husum
1992.0,0.0,8.0,41668.0,0.518355414567,Foreign Nations,Bispebjerg
1992.0,0.0,9.0,45305.0,0.519713672812,Foreign Nations,Amager Øst
1992.0,0.0,10.0,42748.0,0.516960733333,Foreign Nations,Amager Vest
1992.0,0.0,99.0,2187.0,0.585385438972,Foreign Nations,Udenfor inddeling
1992.0,5100.0,1.0,37707.0,0.481558580879,Danmark,Indre By
1992.0,5100.0,2.0,58717.0,0.485513238188,Danmark,Østerbro
1992.0,5100.0,3.0,58210.0,0.46396888276,Danmark,Nørrebro
1992.0,5100.0,4.0,41219.0,0.462755268151,Danmark,Vesterbro/Kgs. Enghave
1992.0,5100.0,5.0,41167.0,0.485145247776,Danmark,Valby
1992.0,5100.0,6.0,33022.0,0.490486446342,Danmark,Vanløse
1992.0,5100.0,7.0,34650.0,0.485321306516,Danmark,Brønshøj-Husum
1992.0,5100.0,8.0,38717.0,0.481644585433,Danmark,Bispebjerg
1992.0,5100.0,9.0,41868.0,0.480286327188,Danmark,Amager Øst
1992.0,5100.0,10.0,39943.0,0.483039266667,Danmark,Amager Vest
1992.0,5100.0,99.0,1549.0,0.414614561028,Danmark,Udenfor inddeling
1993.0,0.0,1.0,40925.0,0.519148558308,Foreign Nations,Indre By
1993.0,0.0,2.0,62583.0,0.514726323148,Foreign Nations,Østerbro
1993.0,0.0,3.0,67783.0,0.538426098768,Foreign Nations,Nørrebro
1993.0,0.0,4.0,47589.0,0.538721034221,Foreign Nations,Vesterbro/Kgs. Enghave
1993.0,0.0,5.0,43786.0,0.516137397741,Foreign Nations,Valby
1993.0,0.0,6.0,34465.0,0.50958097998,Foreign Nations,Vanløse
1993.0,0.0,7.0,36754.0,0.515809416883,Foreign Nations,Brønshøj-Husum
1993.0,0.0,8.0,41662.0,0.520657851983,Foreign Nations,Bispebjerg
1993.0,0.0,9.0,45345.0,0.520686210341,Foreign Nations,Amager Øst
1993.0,0.0,10.0,43337.0,0.518478195849,Foreign Nations,Amager Vest
1993.0,0.0,99.0,1900.0,0.581395348837,Foreign Nations,Udenfor inddeling
1993.0,5100.0,1.0,37906.0,0.480851441692,Danmark,Indre By
1993.0,5100.0,2.0,59002.0,0.485273676852,Danmark,Østerbro
1993.0,5100.0,3.0,58108.0,0.461573901232,Danmark,Nørrebro
1993.0,5100.0,4.0,40748.0,0.461278965779,Danmark,Vesterbro/Kgs. Enghave
1993.0,5100.0,5.0,41048.0,0.483862602259,Danmark,Valby
1993.0,5100.0,6.0,33169.0,0.49041902002,Danmark,Vanløse
1993.0,5100.0,7.0,34501.0,0.484190583117,Danmark,Brønshøj-Husum
1993.0,5100.0,8.0,38356.0,0.479342148017,Danmark,Bispebjerg
1993.0,5100.0,9.0,41742.0,0.479313789659,Danmark,Amager Øst
1993.0,5100.0,10.0,40248.0,0.481521804151,Danmark,Amager Vest
1993.0,5100.0,99.0,1368.0,0.418604651163,Danmark,Udenfor inddeling
1994.0,0.0,1.0,41285.0,0.51944538809,Foreign Nations,Indre By
1994.0,0.0,2.0,63050.0,0.51535858495,Foreign Nations,Østerbro
1994.0,0.0,3.0,68115.0,0.541282581055,Foreign Nations,Nørrebro
1994.0,0.0,4.0,47538.0,0.538460667158,Foreign Nations,Vesterbro/Kgs. Enghave
1994.0,0.0,5.0,43578.0,0.517234012249,Foreign Nations,Valby
1994.0,0.0,6.0,34785.0,0.510343309859,Foreign Nations,Vanløse
1994.0,0.0,7.0,36725.0,0.517793192905,Foreign Nations,Brønshøj-Husum
1994.0,0.0,8.0,41111.0,0.522177060841,Foreign Nations,Bispebjerg
1994.0,0.0,9.0,45821.0,0.521825780956,Foreign Nations,Amager Øst
1994.0,0.0,10.0,43309.0,0.519741263441,Foreign Nations,Amager Vest
1994.0,0.0,99.0,1936.0,0.582255639098,Foreign Nations,Udenfor inddeling
1994.0,5100.0,1.0,38194.0,0.48055461191,Danmark,Indre By
1994.0,5100.0,2.0,59292.0,0.48464141505,Danmark,Østerbro
1994.0,5100.0,3.0,57725.0,0.458717418945,Danmark,Nørrebro
1994.0,5100.0,4.0,40747.0,0.461539332842,Danmark,Vesterbro/Kgs. Enghave
1994.0,5100.0,5.0,40674.0,0.482765987751,Danmark,Valby
1994.0,5100.0,6.0,33375.0,0.489656690141,Danmark,Vanløse
1994.0,5100.0,7.0,34201.0,0.482206807095,Danmark,Brønshøj-Husum
1994.0,5100.0,8.0,37619.0,0.477822939159,Danmark,Bispebjerg
1994.0,5100.0,9.0,41988.0,0.478174219044,Danmark,Amager Øst
1994.0,5100.0,10.0,40019.0,0.480258736559,Danmark,Amager Vest
1994.0,5100.0,99.0,1389.0,0.417744360902,Danmark,Udenfor inddeling
1995.0,0.0,1.0,41580.0,0.520407013855,Foreign Nations,Indre By
1995.0,0.0,2.0,63572.0,0.515893432446,Foreign Nations,Østerbro
1995.0,0.0,3.0,68638.0,0.542940539001,Foreign Nations,Nørrebro
1995.0,0.0,4.0,47633.0,0.53820774437,Foreign Nations,Vesterbro/Kgs. Enghave
1995.0,0.0,5.0,43672.0,0.517827288142,Foreign Nations,Valby
1995.0,0.0,6.0,34923.0,0.510435850215,Foreign Nations,Vanløse
1995.0,0.0,7.0,37446.0,0.520857385281,Foreign Nations,Brønshøj-Husum
1995.0,0.0,8.0,41731.0,0.524799416484,Foreign Nations,Bispebjerg
1995.0,0.0,9.0,46136.0,0.522971242023,Foreign Nations,Amager Øst
1995.0,0.0,10.0,43668.0,0.521023242495,Foreign Nations,Amager Vest
1995.0,0.0,99.0,2301.0,0.623746272703,Foreign Nations,Udenfor inddeling
1995.0,5100.0,1.0,38319.0,0.479592986145,Danmark,Indre By
1995.0,5100.0,2.0,59655.0,0.484106567554,Danmark,Østerbro
1995.0,5100.0,3.0,57781.0,0.457059460999,Danmark,Nørrebro
1995.0,5100.0,4.0,40870.0,0.46179225563,Danmark,Vesterbro/Kgs. Enghave
1995.0,5100.0,5.0,40665.0,0.482172711858,Danmark,Valby
1995.0,5100.0,6.0,33495.0,0.489564149785,Danmark,Vanløse
1995.0,5100.0,7.0,34447.0,0.479142614719,Danmark,Brønshøj-Husum
1995.0,5100.0,8.0,37787.0,0.475200583516,Danmark,Bispebjerg
1995.0,5100.0,9.0,42083.0,0.477028757977,Danmark,Amager Øst
1995.0,5100.0,10.0,40144.0,0.478976757505,Danmark,Amager Vest
1995.0,5100.0,99.0,1388.0,0.376253727297,Danmark,Udenfor inddeling
1996.0,0.0,1.0,41775.0,0.520755422588,Foreign Nations,Indre By
1996.0,0.0,2.0,64503.0,0.518167139288,Foreign Nations,Østerbro
1996.0,0.0,3.0,69705.0,0.545900946056,Foreign Nations,Nørrebro
1996.0,0.0,4.0,47734.0,0.539263644272,Foreign Nations,Vesterbro/Kgs. Enghave
1996.0,0.0,5.0,45017.0,0.521102467935,Foreign Nations,Valby
1996.0,0.0,6.0,35062.0,0.511741954317,Foreign Nations,Vanløse
1996.0,0.0,7.0,37450.0,0.522781841532,Foreign Nations,Brønshøj-Husum
1996.0,0.0,8.0,42591.0,0.528240809644,Foreign Nations,Bispebjerg
1996.0,0.0,9.0,46447.0,0.5248960311,Foreign Nations,Amager Øst
1996.0,0.0,10.0,44043.0,0.522753169064,Foreign Nations,Amager Vest
1996.0,0.0,99.0,2424.0,0.630757220921,Foreign Nations,Udenfor inddeling
1996.0,5100.0,1.0,38445.0,0.479244577412,Danmark,Indre By
1996.0,5100.0,2.0,59980.0,0.481832860712,Danmark,Østerbro
1996.0,5100.0,3.0,57983.0,0.454099053944,Danmark,Nørrebro
1996.0,5100.0,4.0,40783.0,0.460736355728,Danmark,Vesterbro/Kgs. Enghave
1996.0,5100.0,5.0,41371.0,0.478897532065,Danmark,Valby
1996.0,5100.0,6.0,33453.0,0.488258045683,Danmark,Vanløse
1996.0,5100.0,7.0,34186.0,0.477218158468,Danmark,Brønshøj-Husum
1996.0,5100.0,8.0,38037.0,0.471759190356,Danmark,Bispebjerg
1996.0,5100.0,9.0,42041.0,0.4751039689,Danmark,Amager Øst
1996.0,5100.0,10.0,40209.0,0.477246830936,Danmark,Amager Vest
1996.0,5100.0,99.0,1419.0,0.369242779079,Danmark,Udenfor inddeling
1997.0,0.0,1.0,42390.0,0.521658872754,Foreign Nations,Indre By
1997.0,0.0,2.0,65856.0,0.51959446132,Foreign Nations,Østerbro
1997.0,0.0,3.0,70847.0,0.547825616282,Foreign Nations,Nørrebro
1997.0,0.0,4.0,48275.0,0.540218437367,Foreign Nations,Vesterbro/Kgs. Enghave
1997.0,0.0,5.0,45335.0,0.522690063873,Foreign Nations,Valby
1997.0,0.0,6.0,35292.0,0.512704292874,Foreign Nations,Vanløse
1997.0,0.0,7.0,38560.0,0.527027950523,Foreign Nations,Brønshøj-Husum
1997.0,0.0,8.0,43103.0,0.531748479503,Foreign Nations,Bispebjerg
1997.0,0.0,9.0,46748.0,0.52730246461,Foreign Nations,Amager Øst
1997.0,0.0,10.0,44404.0,0.5239100938,Foreign Nations,Amager Vest
1997.0,0.0,99.0,2848.0,0.628142920159,Foreign Nations,Udenfor inddeling
1997.0,5100.0,1.0,38870.0,0.478341127246,Danmark,Indre By
1997.0,5100.0,2.0,60889.0,0.48040553868,Danmark,Østerbro
1997.0,5100.0,3.0,58477.0,0.452174383718,Danmark,Nørrebro
1997.0,5100.0,4.0,41087.0,0.459781562633,Danmark,Vesterbro/Kgs. Enghave
1997.0,5100.0,5.0,41399.0,0.477309936127,Danmark,Valby
1997.0,5100.0,6.0,33543.0,0.487295707126,Danmark,Vanløse
1997.0,5100.0,7.0,34605.0,0.472972049477,Danmark,Brønshøj-Husum
1997.0,5100.0,8.0,37956.0,0.468251520497,Danmark,Bispebjerg
1997.0,5100.0,9.0,41907.0,0.47269753539,Danmark,Amager Øst
1997.0,5100.0,10.0,40351.0,0.4760899062,Danmark,Amager Vest
1997.0,5100.0,99.0,1686.0,0.371857079841,Danmark,Udenfor inddeling
1998.0,0.0,1.0,42675.0,0.522491307116,Foreign Nations,Indre By
1998.0,0.0,2.0,66148.0,0.520133674071,Foreign Nations,Østerbro
1998.0,0.0,3.0,71393.0,0.549388226241,Foreign Nations,Nørrebro
1998.0,0.0,4.0,49109.0,0.540961214351,Foreign Nations,Vesterbro/Kgs. Enghave
1998.0,0.0,5.0,45728.0,0.524674430612,Foreign Nations,Valby
1998.0,0.0,6.0,35485.0,0.5133082598,Foreign Nations,Vanløse
1998.0,0.0,7.0,39051.0,0.529383057465,Foreign Nations,Brønshøj-Husum
1998.0,0.0,8.0,43261.0,0.534284302828,Foreign Nations,Bispebjerg
1998.0,0.0,9.0,46941.0,0.528698218188,Foreign Nations,Amager Øst
1998.0,0.0,10.0,44864.0,0.525653493304,Foreign Nations,Amager Vest
1998.0,0.0,99.0,3314.0,0.62234741784,Foreign Nations,Udenfor inddeling
1998.0,5100.0,1.0,39001.0,0.477508692884,Danmark,Indre By
1998.0,5100.0,2.0,61027.0,0.479866325929,Danmark,Østerbro
1998.0,5100.0,3.0,58557.0,0.450611773759,Danmark,Nørrebro
1998.0,5100.0,4.0,41672.0,0.459038785649,Danmark,Vesterbro/Kgs. Enghave
1998.0,5100.0,5.0,41427.0,0.475325569388,Danmark,Valby
1998.0,5100.0,6.0,33645.0,0.4866917402,Danmark,Vanløse
1998.0,5100.0,7.0,34716.0,0.470616942535,Danmark,Brønshøj-Husum
1998.0,5100.0,8.0,37709.0,0.465715697172,Danmark,Bispebjerg
1998.0,5100.0,9.0,41845.0,0.471301781812,Danmark,Amager Øst
1998.0,5100.0,10.0,40485.0,0.474346506696,Danmark,Amager Vest
1998.0,5100.0,99.0,2011.0,0.37765258216,Danmark,Udenfor inddeling
1999.0,0.0,1.0,43403.0,0.524336470276,Foreign Nations,Indre By
1999.0,0.0,2.0,66295.0,0.519997490019,Foreign Nations,Østerbro
1999.0,0.0,3.0,72378.0,0.549571371081,Foreign Nations,Nørrebro
1999.0,0.0,4.0,49520.0,0.541231761298,Foreign Nations,Vesterbro/Kgs. Enghave
1999.0,0.0,5.0,46106.0,0.525993953568,Foreign Nations,Valby
1999.0,0.0,6.0,35614.0,0.514140524621,Foreign Nations,Vanløse
1999.0,0.0,7.0,39405.0,0.531688097905,Foreign Nations,Brønshøj-Husum
1999.0,0.0,8.0,43601.0,0.535921924358,Foreign Nations,Bispebjerg
1999.0,0.0,9.0,47248.0,0.529027779333,Foreign Nations,Amager Øst
1999.0,0.0,10.0,45037.0,0.526976586359,Foreign Nations,Amager Vest
1999.0,0.0,99.0,2475.0,0.607809430255,Foreign Nations,Udenfor inddeling
1999.0,5100.0,1.0,39374.0,0.475663529724,Danmark,Indre By
1999.0,5100.0,2.0,61196.0,0.480002509981,Danmark,Østerbro
1999.0,5100.0,3.0,59321.0,0.450428628919,Danmark,Nørrebro
1999.0,5100.0,4.0,41975.0,0.458768238702,Danmark,Vesterbro/Kgs. Enghave
1999.0,5100.0,5.0,41549.0,0.474006046432,Danmark,Valby
1999.0,5100.0,6.0,33655.0,0.485859475379,Danmark,Vanløse
1999.0,5100.0,7.0,34708.0,0.468311902095,Danmark,Brønshøj-Husum
1999.0,5100.0,8.0,37756.0,0.464078075642,Danmark,Bispebjerg
1999.0,5100.0,9.0,42063.0,0.470972220667,Danmark,Amager Øst
1999.0,5100.0,10.0,40426.0,0.473023413641,Danmark,Amager Vest
1999.0,5100.0,99.0,1597.0,0.392190569745,Danmark,Udenfor inddeling
2000.0,0.0,1.0,43691.0,0.524187162567,Foreign Nations,Indre By
2000.0,0.0,2.0,66673.0,0.520143233839,Foreign Nations,Østerbro
2000.0,0.0,3.0,72993.0,0.547950244349,Foreign Nations,Nørrebro
2000.0,0.0,4.0,50312.0,0.540907820328,Foreign Nations,Vesterbro/Kgs. Enghave
2000.0,0.0,5.0,46209.0,0.526166564187,Foreign Nations,Valby
2000.0,0.0,6.0,35822.0,0.51514279962,Foreign Nations,Vanløse
2000.0,0.0,7.0,39657.0,0.532487411883,Foreign Nations,Brønshøj-Husum
2000.0,0.0,8.0,44251.0,0.53772495838,Foreign Nations,Bispebjerg
2000.0,0.0,9.0,47533.0,0.528584931888,Foreign Nations,Amager Øst
2000.0,0.0,10.0,45397.0,0.527994882531,Foreign Nations,Amager Vest
2000.0,0.0,99.0,3161.0,0.623717442778,Foreign Nations,Udenfor inddeling
2000.0,5100.0,1.0,39659.0,0.475812837433,Danmark,Indre By
2000.0,5100.0,2.0,61509.0,0.479856766161,Danmark,Østerbro
2000.0,5100.0,3.0,60218.0,0.452049755651,Danmark,Nørrebro
2000.0,5100.0,4.0,42702.0,0.459092179672,Danmark,Vesterbro/Kgs. Enghave
2000.0,5100.0,5.0,41613.0,0.473833435813,Danmark,Valby
2000.0,5100.0,6.0,33716.0,0.48485720038,Danmark,Vanløse
2000.0,5100.0,7.0,34818.0,0.467512588117,Danmark,Brønshøj-Husum
2000.0,5100.0,8.0,38042.0,0.46227504162,Danmark,Bispebjerg
2000.0,5100.0,9.0,42392.0,0.471415068112,Danmark,Amager Øst
2000.0,5100.0,10.0,40583.0,0.472005117469,Danmark,Amager Vest
2000.0,5100.0,99.0,1907.0,0.376282557222,Danmark,Udenfor inddeling
2001.0,0.0,1.0,43978.0,0.524709475744,Foreign Nations,Indre By
2001.0,0.0,2.0,66877.0,0.520224963828,Foreign Nations,Østerbro
2001.0,0.0,3.0,73502.0,0.544624663787,Foreign Nations,Nørrebro
2001.0,0.0,4.0,50756.0,0.539739254344,Foreign Nations,Vesterbro/Kgs. Enghave
2001.0,0.0,5.0,46189.0,0.525382471706,Foreign Nations,Valby
2001.0,0.0,6.0,36049.0,0.515383295685,Foreign Nations,Vanløse
2001.0,0.0,7.0,39854.0,0.532003791064,Foreign Nations,Brønshøj-Husum
2001.0,0.0,8.0,44641.0,0.536473104841,Foreign Nations,Bispebjerg
2001.0,0.0,9.0,48196.0,0.527291226765,Foreign Nations,Amager Øst
2001.0,0.0,10.0,45608.0,0.527540657459,Foreign Nations,Amager Vest
2001.0,0.0,99.0,3498.0,0.62109375,Foreign Nations,Udenfor inddeling
2001.0,5100.0,1.0,39836.0,0.475290524256,Danmark,Indre By
2001.0,5100.0,2.0,61677.0,0.479775036172,Danmark,Østerbro
2001.0,5100.0,3.0,61457.0,0.455375336213,Danmark,Nørrebro
2001.0,5100.0,4.0,43282.0,0.460260745656,Danmark,Vesterbro/Kgs. Enghave
2001.0,5100.0,5.0,41726.0,0.474617528294,Danmark,Valby
2001.0,5100.0,6.0,33897.0,0.484616704315,Danmark,Vanløse
2001.0,5100.0,7.0,35059.0,0.467996208936,Danmark,Brønshøj-Husum
2001.0,5100.0,8.0,38571.0,0.463526895159,Danmark,Bispebjerg
2001.0,5100.0,9.0,43207.0,0.472708773235,Danmark,Amager Øst
2001.0,5100.0,10.0,40846.0,0.472459342541,Danmark,Amager Vest
2001.0,5100.0,99.0,2134.0,0.37890625,Danmark,Udenfor inddeling
2002.0,0.0,1.0,44121.0,0.524906311344,Foreign Nations,Indre By
2002.0,0.0,2.0,67020.0,0.520774245685,Foreign Nations,Østerbro
2002.0,0.0,3.0,73870.0,0.543769507096,Foreign Nations,Nørrebro
2002.0,0.0,4.0,51039.0,0.539108299093,Foreign Nations,Vesterbro/Kgs. Enghave
2002.0,0.0,5.0,46265.0,0.525643064897,Foreign Nations,Valby
2002.0,0.0,6.0,36229.0,0.515575858487,Foreign Nations,Vanløse
2002.0,0.0,7.0,39999.0,0.532879486291,Foreign Nations,Brønshøj-Husum
2002.0,0.0,8.0,45149.0,0.53657464079,Foreign Nations,Bispebjerg
2002.0,0.0,9.0,48417.0,0.526844396083,Foreign Nations,Amager Øst
2002.0,0.0,10.0,45685.0,0.527900070487,Foreign Nations,Amager Vest
2002.0,0.0,99.0,2737.0,0.590761925318,Foreign Nations,Udenfor inddeling
2002.0,5100.0,1.0,39934.0,0.475093688656,Danmark,Indre By
2002.0,5100.0,2.0,61673.0,0.479225754315,Danmark,Østerbro
2002.0,5100.0,3.0,61978.0,0.456230492904,Danmark,Nørrebro
2002.0,5100.0,4.0,43634.0,0.460891700907,Danmark,Vesterbro/Kgs. Enghave
2002.0,5100.0,5.0,41751.0,0.474356935103,Danmark,Valby
2002.0,5100.0,6.0,34040.0,0.484424141513,Danmark,Vanløse
2002.0,5100.0,7.0,35063.0,0.467120513709,Danmark,Brønshøj-Husum
2002.0,5100.0,8.0,38994.0,0.46342535921,Danmark,Bispebjerg
2002.0,5100.0,9.0,43483.0,0.473155603917,Danmark,Amager Øst
2002.0,5100.0,10.0,40856.0,0.472099929513,Danmark,Amager Vest
2002.0,5100.0,99.0,1896.0,0.409238074682,Danmark,Udenfor inddeling
2003.0,0.0,1.0,44455.0,0.524895800125,Foreign Nations,Indre By
2003.0,0.0,2.0,67550.0,0.520969906372,Foreign Nations,Østerbro
2003.0,0.0,3.0,73830.0,0.540950455005,Foreign Nations,Nørrebro
2003.0,0.0,4.0,51045.0,0.537655361281,Foreign Nations,Vesterbro/Kgs. Enghave
2003.0,0.0,5.0,46197.0,0.525198667591,Foreign Nations,Valby
2003.0,0.0,6.0,36223.0,0.515380456434,Foreign Nations,Vanløse
2003.0,0.0,7.0,39973.0,0.532058193241,Foreign Nations,Brønshøj-Husum
2003.0,0.0,8.0,44977.0,0.535625394481,Foreign Nations,Bispebjerg
2003.0,0.0,9.0,48476.0,0.526380941005,Foreign Nations,Amager Øst
2003.0,0.0,10.0,45623.0,0.527677538746,Foreign Nations,Amager Vest
2003.0,0.0,99.0,2936.0,0.589795098433,Foreign Nations,Udenfor inddeling
2003.0,5100.0,1.0,40238.0,0.475104199875,Danmark,Indre By
2003.0,5100.0,2.0,62112.0,0.479030093628,Danmark,Østerbro
2003.0,5100.0,3.0,62652.0,0.459049544995,Danmark,Nørrebro
2003.0,5100.0,4.0,43895.0,0.462344638719,Danmark,Vesterbro/Kgs. Enghave
2003.0,5100.0,5.0,41764.0,0.474801332409,Danmark,Valby
2003.0,5100.0,6.0,34061.0,0.484619543566,Danmark,Vanløse
2003.0,5100.0,7.0,35156.0,0.467941806759,Danmark,Brønshøj-Husum
2003.0,5100.0,8.0,38994.0,0.464374605519,Danmark,Bispebjerg
2003.0,5100.0,9.0,43617.0,0.473619058995,Danmark,Amager Øst
2003.0,5100.0,10.0,40837.0,0.472322461254,Danmark,Amager Vest
2003.0,5100.0,99.0,2042.0,0.410204901567,Danmark,Udenfor inddeling
2004.0,0.0,1.0,44619.0,0.525442490903,Foreign Nations,Indre By
2004.0,0.0,2.0,67516.0,0.521218203574,Foreign Nations,Østerbro
2004.0,0.0,3.0,73482.0,0.540861615916,Foreign Nations,Nørrebro
2004.0,0.0,4.0,50869.0,0.537148106693,Foreign Nations,Vesterbro/Kgs. Enghave
2004.0,0.0,5.0,46161.0,0.525524260571,Foreign Nations,Valby
2004.0,0.0,6.0,36189.0,0.516189307925,Foreign Nations,Vanløse
2004.0,0.0,7.0,40033.0,0.532856819604,Foreign Nations,Brønshøj-Husum
2004.0,0.0,8.0,45127.0,0.53611566517,Foreign Nations,Bispebjerg
2004.0,0.0,9.0,48673.0,0.526786873891,Foreign Nations,Amager Øst
2004.0,0.0,10.0,45816.0,0.528272299603,Foreign Nations,Amager Vest
2004.0,0.0,99.0,3179.0,0.597668734725,Foreign Nations,Udenfor inddeling
2004.0,5100.0,1.0,40298.0,0.474557509097,Danmark,Indre By
2004.0,5100.0,2.0,62019.0,0.478781796426,Danmark,Østerbro
2004.0,5100.0,3.0,62379.0,0.459138384084,Danmark,Nørrebro
2004.0,5100.0,4.0,43833.0,0.462851893307,Danmark,Vesterbro/Kgs. Enghave
2004.0,5100.0,5.0,41677.0,0.474475739429,Danmark,Valby
2004.0,5100.0,6.0,33919.0,0.483810692075,Danmark,Vanløse
2004.0,5100.0,7.0,35096.0,0.467143180396,Danmark,Brønshøj-Husum
2004.0,5100.0,8.0,39047.0,0.46388433483,Danmark,Bispebjerg
2004.0,5100.0,9.0,43723.0,0.473213126109,Danmark,Amager Øst
2004.0,5100.0,10.0,40912.0,0.471727700397,Danmark,Amager Vest
2004.0,5100.0,99.0,2140.0,0.402331265275,Danmark,Udenfor inddeling
2005.0,0.0,1.0,44763.0,0.526499647142,Foreign Nations,Indre By
2005.0,0.0,2.0,67671.0,0.521316097621,Foreign Nations,Østerbro
2005.0,0.0,3.0,73067.0,0.539399084601,Foreign Nations,Nørrebro
2005.0,0.0,4.0,50643.0,0.53624523507,Foreign Nations,Vesterbro/Kgs. Enghave
2005.0,0.0,5.0,46082.0,0.525354553331,Foreign Nations,Valby
2005.0,0.0,6.0,36276.0,0.516141883528,Foreign Nations,Vanløse
2005.0,0.0,7.0,39863.0,0.532635854679,Foreign Nations,Brønshøj-Husum
2005.0,0.0,8.0,45049.0,0.536112532578,Foreign Nations,Bispebjerg
2005.0,0.0,9.0,48748.0,0.526567073895,Foreign Nations,Amager Øst
2005.0,0.0,10.0,46607.0,0.528250348525,Foreign Nations,Amager Vest
2005.0,0.0,99.0,3593.0,0.606208874641,Foreign Nations,Udenfor inddeling
2005.0,5100.0,1.0,40257.0,0.473500352858,Danmark,Indre By
2005.0,5100.0,2.0,62137.0,0.478683902379,Danmark,Østerbro
2005.0,5100.0,3.0,62393.0,0.460600915399,Danmark,Nørrebro
2005.0,5100.0,4.0,43797.0,0.46375476493,Danmark,Vesterbro/Kgs. Enghave
2005.0,5100.0,5.0,41634.0,0.474645446669,Danmark,Valby
2005.0,5100.0,6.0,34007.0,0.483858116472,Danmark,Vanløse
2005.0,5100.0,7.0,34978.0,0.467364145321,Danmark,Brønshøj-Husum
2005.0,5100.0,8.0,38980.0,0.463887467422,Danmark,Bispebjerg
2005.0,5100.0,9.0,43829.0,0.473432926105,Danmark,Amager Øst
2005.0,5100.0,10.0,41622.0,0.471749651475,Danmark,Amager Vest
2005.0,5100.0,99.0,2334.0,0.393791125359,Danmark,Udenfor inddeling
2006.0,0.0,1.0,44728.0,0.527732877116,Foreign Nations,Indre By
2006.0,0.0,2.0,67351.0,0.52185400702,Foreign Nations,Østerbro
2006.0,0.0,3.0,71799.0,0.539306853349,Foreign Nations,Nørrebro
2006.0,0.0,4.0,50303.0,0.53566256336,Foreign Nations,Vesterbro/Kgs. Enghave
2006.0,0.0,5.0,45598.0,0.525504206523,Foreign Nations,Valby
2006.0,0.0,6.0,36138.0,0.516316150417,Foreign Nations,Vanløse
2006.0,0.0,7.0,39639.0,0.532739295218,Foreign Nations,Brønshøj-Husum
2006.0,0.0,8.0,44971.0,0.535911338855,Foreign Nations,Bispebjerg
2006.0,0.0,9.0,48531.0,0.52643511086,Foreign Nations,Amager Øst
2006.0,0.0,10.0,48631.0,0.528540376046,Foreign Nations,Amager Vest
2006.0,0.0,99.0,3469.0,0.613656465593,Foreign Nations,Udenfor inddeling
2006.0,5100.0,1.0,40027.0,0.472267122884,Danmark,Indre By
2006.0,5100.0,2.0,61710.0,0.47814599298,Danmark,Østerbro
2006.0,5100.0,3.0,61333.0,0.460693146651,Danmark,Nørrebro
2006.0,5100.0,4.0,43605.0,0.46433743664,Danmark,Vesterbro/Kgs. Enghave
2006.0,5100.0,5.0,41172.0,0.474495793477,Danmark,Valby
2006.0,5100.0,6.0,33854.0,0.483683849583,Danmark,Vanløse
2006.0,5100.0,7.0,34767.0,0.467260704782,Danmark,Brønshøj-Husum
2006.0,5100.0,8.0,38944.0,0.464088661145,Danmark,Bispebjerg
2006.0,5100.0,9.0,43657.0,0.47356488914,Danmark,Amager Øst
2006.0,5100.0,10.0,43379.0,0.471459623954,Danmark,Amager Vest
2006.0,5100.0,99.0,2184.0,0.386343534407,Danmark,Udenfor inddeling
2007.0,0.0,1.0,45425.0,0.529546169898,Foreign Nations,Indre By
2007.0,0.0,2.0,67330.0,0.523883256433,Foreign Nations,Østerbro
2007.0,0.0,3.0,71315.0,0.539353970187,Foreign Nations,Nørrebro
2007.0,0.0,4.0,50964.0,0.536147113281,Foreign Nations,Vesterbro/Kgs. Enghave
2007.0,0.0,5.0,45202.0,0.526412633344,Foreign Nations,Valby
2007.0,0.0,6.0,35785.0,0.516638995164,Foreign Nations,Vanløse
2007.0,0.0,7.0,39449.0,0.534445151938,Foreign Nations,Brønshøj-Husum
2007.0,0.0,8.0,45545.0,0.537093597802,Foreign Nations,Bispebjerg
2007.0,0.0,9.0,48431.0,0.526991001186,Foreign Nations,Amager Øst
2007.0,0.0,10.0,51099.0,0.52911208905,Foreign Nations,Amager Vest
2007.0,0.0,99.0,3154.0,0.605258107849,Foreign Nations,Udenfor inddeling
2007.0,5100.0,1.0,40356.0,0.470453830102,Danmark,Indre By
2007.0,5100.0,2.0,61191.0,0.476116743567,Danmark,Østerbro
2007.0,5100.0,3.0,60908.0,0.460646029813,Danmark,Nørrebro
2007.0,5100.0,4.0,44092.0,0.463852886719,Danmark,Vesterbro/Kgs. Enghave
2007.0,5100.0,5.0,40666.0,0.473587366656,Danmark,Valby
2007.0,5100.0,6.0,33480.0,0.483361004836,Danmark,Vanløse
2007.0,5100.0,7.0,34364.0,0.465554848062,Danmark,Brønshøj-Husum
2007.0,5100.0,8.0,39254.0,0.462906402198,Danmark,Bispebjerg
2007.0,5100.0,9.0,43470.0,0.473008998814,Danmark,Amager Øst
2007.0,5100.0,10.0,45476.0,0.47088791095,Danmark,Amager Vest
2007.0,5100.0,99.0,2057.0,0.394741892151,Danmark,Udenfor inddeling
2008.0,0.0,1.0,45664.0,0.531032317336,Foreign Nations,Indre By
2008.0,0.0,2.0,67964.0,0.525894687972,Foreign Nations,Østerbro
2008.0,0.0,3.0,71560.0,0.540675315255,Foreign Nations,Nørrebro
2008.0,0.0,4.0,51466.0,0.537487076123,Foreign Nations,Vesterbro/Kgs. Enghave
2008.0,0.0,5.0,45468.0,0.527581165441,Foreign Nations,Valby
2008.0,0.0,6.0,35890.0,0.518222247892,Foreign Nations,Vanløse
2008.0,0.0,7.0,39413.0,0.5368594546,Foreign Nations,Brønshøj-Husum
2008.0,0.0,8.0,46391.0,0.539298543379,Foreign Nations,Bispebjerg
2008.0,0.0,9.0,48879.0,0.528970607333,Foreign Nations,Amager Øst
2008.0,0.0,10.0,53362.0,0.531398753212,Foreign Nations,Amager Vest
2008.0,0.0,99.0,3804.0,0.635058430718,Foreign Nations,Udenfor inddeling
2008.0,5100.0,1.0,40327.0,0.468967682664,Danmark,Indre By
2008.0,5100.0,2.0,61271.0,0.474105312028,Danmark,Østerbro
2008.0,5100.0,3.0,60793.0,0.459324684745,Danmark,Nørrebro
2008.0,5100.0,4.0,44287.0,0.462512923877,Danmark,Vesterbro/Kgs. Enghave
2008.0,5100.0,5.0,40714.0,0.472418834559,Danmark,Valby
2008.0,5100.0,6.0,33366.0,0.481777752108,Danmark,Vanløse
2008.0,5100.0,7.0,34001.0,0.4631405454,Danmark,Brønshøj-Husum
2008.0,5100.0,8.0,39630.0,0.460701456621,Danmark,Bispebjerg
2008.0,5100.0,9.0,43525.0,0.471029392667,Danmark,Amager Øst
2008.0,5100.0,10.0,47056.0,0.468601246788,Danmark,Amager Vest
2008.0,5100.0,99.0,2186.0,0.364941569282,Danmark,Udenfor inddeling
2009.0,0.0,1.0,46405.0,0.533513451368,Foreign Nations,Indre By
2009.0,0.0,2.0,68769.0,0.527831079318,Foreign Nations,Østerbro
2009.0,0.0,3.0,71891.0,0.541617068724,Foreign Nations,Nørrebro
2009.0,0.0,4.0,53351.0,0.539138607058,Foreign Nations,Vesterbro/Kgs. Enghave
2009.0,0.0,5.0,46367.0,0.529418481177,Foreign Nations,Valby
2009.0,0.0,6.0,36115.0,0.519289113837,Foreign Nations,Vanløse
2009.0,0.0,7.0,39588.0,0.539287271142,Foreign Nations,Brønshøj-Husum
2009.0,0.0,8.0,47199.0,0.541745098939,Foreign Nations,Bispebjerg
2009.0,0.0,9.0,49705.0,0.530548854685,Foreign Nations,Amager Øst
2009.0,0.0,10.0,55082.0,0.534434246017,Foreign Nations,Amager Vest
2009.0,0.0,99.0,4102.0,0.659167604049,Foreign Nations,Udenfor inddeling
2009.0,5100.0,1.0,40575.0,0.466486548632,Danmark,Indre By
2009.0,5100.0,2.0,61517.0,0.472168920682,Danmark,Østerbro
2009.0,5100.0,3.0,60843.0,0.458382931276,Danmark,Nørrebro
2009.0,5100.0,4.0,45605.0,0.460861392942,Danmark,Vesterbro/Kgs. Enghave
2009.0,5100.0,5.0,41214.0,0.470581518823,Danmark,Valby
2009.0,5100.0,6.0,33432.0,0.480710886163,Danmark,Vanløse
2009.0,5100.0,7.0,33820.0,0.460712728858,Danmark,Brønshøj-Husum
2009.0,5100.0,8.0,39925.0,0.458254901061,Danmark,Bispebjerg
2009.0,5100.0,9.0,43981.0,0.469451145315,Danmark,Amager Øst
2009.0,5100.0,10.0,47984.0,0.465565753983,Danmark,Amager Vest
2009.0,5100.0,99.0,2121.0,0.340832395951,Danmark,Udenfor inddeling
2010.0,0.0,1.0,47505.0,0.534689237557,Foreign Nations,Indre By
2010.0,0.0,2.0,69951.0,0.52863026639,Foreign Nations,Østerbro
2010.0,0.0,3.0,72887.0,0.541065993616,Foreign Nations,Nørrebro
2010.0,0.0,4.0,55315.0,0.539895563906,Foreign Nations,Vesterbro/Kgs. Enghave
2010.0,0.0,5.0,47106.0,0.529953761517,Foreign Nations,Valby
2010.0,0.0,6.0,36577.0,0.520572705407,Foreign Nations,Vanløse
2010.0,0.0,7.0,39829.0,0.541846924061,Foreign Nations,Brønshøj-Husum
2010.0,0.0,8.0,47982.0,0.543674579344,Foreign Nations,Bispebjerg
2010.0,0.0,9.0,50254.0,0.531884042632,Foreign Nations,Amager Øst
2010.0,0.0,10.0,56502.0,0.535213935909,Foreign Nations,Amager Vest
2010.0,0.0,99.0,4300.0,0.669364881694,Foreign Nations,Udenfor inddeling
2010.0,5100.0,1.0,41341.0,0.465310762443,Danmark,Indre By
2010.0,5100.0,2.0,62374.0,0.47136973361,Danmark,Østerbro
2010.0,5100.0,3.0,61823.0,0.458934006384,Danmark,Nørrebro
2010.0,5100.0,4.0,47140.0,0.460104436094,Danmark,Vesterbro/Kgs. Enghave
2010.0,5100.0,5.0,41781.0,0.470046238483,Danmark,Valby
2010.0,5100.0,6.0,33686.0,0.479427294593,Danmark,Vanløse
2010.0,5100.0,7.0,33677.0,0.458153075939,Danmark,Brønshøj-Husum
2010.0,5100.0,8.0,40273.0,0.456325420656,Danmark,Bispebjerg
2010.0,5100.0,9.0,44229.0,0.468115957368,Danmark,Amager Øst
2010.0,5100.0,10.0,49067.0,0.464786064091,Danmark,Amager Vest
2010.0,5100.0,99.0,2124.0,0.330635118306,Danmark,Udenfor inddeling
2011.0,0.0,1.0,48490.0,0.536144711528,Foreign Nations,Indre By
2011.0,0.0,2.0,70938.0,0.530329989085,Foreign Nations,Østerbro
2011.0,0.0,3.0,74129.0,0.541577778427,Foreign Nations,Nørrebro
2011.0,0.0,4.0,57150.0,0.540445974316,Foreign Nations,Vesterbro/Kgs. Enghave
2011.0,0.0,5.0,47839.0,0.531981851745,Foreign Nations,Valby
2011.0,0.0,6.0,37115.0,0.521190248834,Foreign Nations,Vanløse
2011.0,0.0,7.0,40491.0,0.546533129969,Foreign Nations,Brønshøj-Husum
2011.0,0.0,8.0,49362.0,0.547195956058,Foreign Nations,Bispebjerg
2011.0,0.0,9.0,50900.0,0.532482477247,Foreign Nations,Amager Øst
2011.0,0.0,10.0,58174.0,0.535889310586,Foreign Nations,Amager Vest
2011.0,0.0,99.0,4954.0,0.680401043813,Foreign Nations,Udenfor inddeling
2011.0,5100.0,1.0,41952.0,0.463855288472,Danmark,Indre By
2011.0,5100.0,2.0,62824.0,0.469670010915,Danmark,Østerbro
2011.0,5100.0,3.0,62747.0,0.458422221573,Danmark,Nørrebro
2011.0,5100.0,4.0,48596.0,0.459554025684,Danmark,Vesterbro/Kgs. Enghave
2011.0,5100.0,5.0,42087.0,0.468018148255,Danmark,Valby
2011.0,5100.0,6.0,34097.0,0.478809751166,Danmark,Vanløse
2011.0,5100.0,7.0,33596.0,0.453466870031,Danmark,Brønshøj-Husum
2011.0,5100.0,8.0,40847.0,0.452804043942,Danmark,Bispebjerg
2011.0,5100.0,9.0,44690.0,0.467517522753,Danmark,Amager Øst
2011.0,5100.0,10.0,50382.0,0.464110689414,Danmark,Amager Vest
2011.0,5100.0,99.0,2327.0,0.319598956187,Danmark,Udenfor inddeling
2012.0,0.0,1.0,49742.0,0.536834380194,Foreign Nations,Indre By
2012.0,0.0,2.0,72400.0,0.531512682157,Foreign Nations,Østerbro
2012.0,0.0,3.0,75377.0,0.540705139701,Foreign Nations,Nørrebro
2012.0,0.0,4.0,58411.0,0.540432264392,Foreign Nations,Vesterbro/Kgs. Enghave
2012.0,0.0,5.0,48673.0,0.53200349765,Foreign Nations,Valby
2012.0,0.0,6.0,37891.0,0.522533579723,Foreign Nations,Vanløse
2012.0,0.0,7.0,41341.0,0.550193641118,Foreign Nations,Brønshøj-Husum
2012.0,0.0,8.0,50529.0,0.549126791788,Foreign Nations,Bispebjerg
2012.0,0.0,9.0,51542.0,0.532761383017,Foreign Nations,Amager Øst
2012.0,0.0,10.0,59728.0,0.536008830577,Foreign Nations,Amager Vest
2012.0,0.0,99.0,3416.0,0.606211180124,Foreign Nations,Udenfor inddeling
2012.0,5100.0,1.0,42916.0,0.463165619806,Danmark,Indre By
2012.0,5100.0,2.0,63815.0,0.468487317843,Danmark,Østerbro
2012.0,5100.0,3.0,64028.0,0.459294860299,Danmark,Nørrebro
2012.0,5100.0,4.0,49671.0,0.459567735608,Danmark,Vesterbro/Kgs. Enghave
2012.0,5100.0,5.0,42817.0,0.46799650235,Danmark,Valby
2012.0,5100.0,6.0,34623.0,0.477466420277,Danmark,Vanløse
2012.0,5100.0,7.0,33798.0,0.449806358882,Danmark,Brønshøj-Husum
2012.0,5100.0,8.0,41488.0,0.450873208212,Danmark,Bispebjerg
2012.0,5100.0,9.0,45203.0,0.467238616983,Danmark,Amager Øst
2012.0,5100.0,10.0,51703.0,0.463991169423,Danmark,Amager Vest
2012.0,5100.0,99.0,2219.0,0.393788819876,Danmark,Udenfor inddeling
2013.0,0.0,1.0,50527.0,0.536841657901,Foreign Nations,Indre By
2013.0,0.0,2.0,73388.0,0.53133891789,Foreign Nations,Østerbro
2013.0,0.0,3.0,76563.0,0.540771713719,Foreign Nations,Nørrebro
2013.0,0.0,4.0,59211.0,0.540542267665,Foreign Nations,Vesterbro/Kgs. Enghave
2013.0,0.0,5.0,49656.0,0.532726824087,Foreign Nations,Valby
2013.0,0.0,6.0,38609.0,0.523079215835,Foreign Nations,Vanløse
2013.0,0.0,7.0,42279.0,0.553042591042,Foreign Nations,Brønshøj-Husum
2013.0,0.0,8.0,51488.0,0.550968432317,Foreign Nations,Bispebjerg
2013.0,0.0,9.0,52456.0,0.532699650662,Foreign Nations,Amager Øst
2013.0,0.0,10.0,61658.0,0.536483076655,Foreign Nations,Amager Vest
2013.0,0.0,99.0,3605.0,0.600033288948,Foreign Nations,Udenfor inddeling
2013.0,5100.0,1.0,43592.0,0.463158342099,Danmark,Indre By
2013.0,5100.0,2.0,64731.0,0.46866108211,Danmark,Østerbro
2013.0,5100.0,3.0,65018.0,0.459228286281,Danmark,Nørrebro
2013.0,5100.0,4.0,50329.0,0.459457732335,Danmark,Vesterbro/Kgs. Enghave
2013.0,5100.0,5.0,43555.0,0.467273175913,Danmark,Valby
2013.0,5100.0,6.0,35202.0,0.476920784165,Danmark,Vanløse
2013.0,5100.0,7.0,34169.0,0.446957408958,Danmark,Brønshøj-Husum
2013.0,5100.0,8.0,41962.0,0.449031567683,Danmark,Bispebjerg
2013.0,5100.0,9.0,46016.0,0.467300349338,Danmark,Amager Øst
2013.0,5100.0,10.0,53272.0,0.463516923345,Danmark,Amager Vest
2013.0,5100.0,99.0,2403.0,0.399966711052,Danmark,Udenfor inddeling
2014.0,0.0,1.0,51424.0,0.53891136216,Foreign Nations,Indre By
2014.0,0.0,2.0,74521.0,0.532692376425,Foreign Nations,Østerbro
2014.0,0.0,3.0,77807.0,0.541243495924,Foreign Nations,Nørrebro
2014.0,0.0,4.0,60328.0,0.541675271385,Foreign Nations,Vesterbro/Kgs. Enghave
2014.0,0.0,5.0,50941.0,0.534090313381,Foreign Nations,Valby
2014.0,0.0,6.0,39214.0,0.524651137899,Foreign Nations,Vanløse
2014.0,0.0,7.0,43056.0,0.557445816826,Foreign Nations,Brønshøj-Husum
2014.0,0.0,8.0,52499.0,0.554196136388,Foreign Nations,Bispebjerg
2014.0,0.0,9.0,53323.0,0.53323,Foreign Nations,Amager Øst
2014.0,0.0,10.0,63479.0,0.538336287389,Foreign Nations,Amager Vest
2014.0,0.0,99.0,3580.0,0.597363590856,Foreign Nations,Udenfor inddeling
2014.0,5100.0,1.0,43998.0,0.46108863784,Danmark,Indre By
2014.0,5100.0,2.0,65374.0,0.467307623575,Danmark,Østerbro
2014.0,5100.0,3.0,65949.0,0.458756504076,Danmark,Nørrebro
2014.0,5100.0,4.0,51045.0,0.458324728615,Danmark,Vesterbro/Kgs. Enghave
2014.0,5100.0,5.0,44438.0,0.465909686619,Danmark,Valby
2014.0,5100.0,6.0,35529.0,0.475348862101,Danmark,Vanløse
2014.0,5100.0,7.0,34182.0,0.442554183174,Danmark,Brønshøj-Husum
2014.0,5100.0,8.0,42231.0,0.445803863612,Danmark,Bispebjerg
2014.0,5100.0,9.0,46677.0,0.46677,Danmark,Amager Øst
2014.0,5100.0,10.0,54438.0,0.461663712611,Danmark,Amager Vest
2014.0,5100.0,99.0,2413.0,0.402636409144,Danmark,Udenfor inddeling
2015.0,0.0,1.0,51937.0,0.537199656603,Foreign Nations,Indre By
2015.0,0.0,2.0,75113.0,0.532871260437,Foreign Nations,Østerbro
2015.0,0.0,3.0,78802.0,0.541531230028,Foreign Nations,Nørrebro
2015.0,0.0,4.0,61623.0,0.542833484554,Foreign Nations,Vesterbro/Kgs. Enghave
2015.0,0.0,5.0,51727.0,0.53550390807,Foreign Nations,Valby
2015.0,0.0,6.0,39537.0,0.525737005173,Foreign Nations,Vanløse
2015.0,0.0,7.0,43908.0,0.56142594108,Foreign Nations,Brønshøj-Husum
2015.0,0.0,8.0,53604.0,0.556832111026,Foreign Nations,Bispebjerg
2015.0,0.0,9.0,55205.0,0.535565300064,Foreign Nations,Amager Øst
2015.0,0.0,10.0,64967.0,0.539507884968,Foreign Nations,Amager Vest
2015.0,0.0,99.0,3872.0,0.599195295574,Foreign Nations,Udenfor inddeling
2015.0,5100.0,1.0,44744.0,0.462800343397,Danmark,Indre By
2015.0,5100.0,2.0,65846.0,0.467128739563,Danmark,Østerbro
2015.0,5100.0,3.0,66715.0,0.458468769972,Danmark,Nørrebro
2015.0,5100.0,4.0,51898.0,0.457166515446,Danmark,Vesterbro/Kgs. Enghave
2015.0,5100.0,5.0,44868.0,0.46449609193,Danmark,Valby
2015.0,5100.0,6.0,35666.0,0.474262994827,Danmark,Vanløse
2015.0,5100.0,7.0,34300.0,0.43857405892,Danmark,Brønshøj-Husum
2015.0,5100.0,8.0,42662.0,0.443167888974,Danmark,Bispebjerg
2015.0,5100.0,9.0,47873.0,0.464434699936,Danmark,Amager Øst
2015.0,5100.0,10.0,55452.0,0.460492115032,Danmark,Amager Vest
2015.0,5100.0,99.0,2590.0,0.400804704426,Danmark,Udenfor inddeling
