COUNTRY,AAR,Predictions_Perc,Predictions,Real,Error_Perc,Error
Uoplyst(2),2012.0,0.0522026781336,0.0631578947368,0.0,0.0522026781336,0.0631578947368
Uoplyst(2),2013.0,0.0567252384605,0.0548872180451,0.0,0.0567252384605,0.0548872180451
Uoplyst(2),2014.0,2.30787467988,0.0466165413534,4.0,-1.69212532012,-3.95338345865
Uoplyst(2),2015.0,2.21546644002,0.0383458646617,4.0,-1.78453355998,-3.96165413534
Udlandet uoplyst,2012.0,13.3398299015,14.5157894737,14.0,-0.660170098466,0.515789473684
Udlandet uoplyst,2013.0,14.0803423514,14.6601503759,15.0,-0.919657648596,-0.33984962406
Udlandet uoplyst,2014.0,9.62243260818,14.8045112782,9.0,0.622432608178,5.8045112782
Udlandet uoplyst,2015.0,9.68228588412,14.9488721805,9.0,0.682285884121,5.94887218045
Statsløs,2012.0,669.313106371,747.7,632.0,37.3131063708,115.7
Statsløs,2013.0,684.030974828,717.442857143,632.0,52.0309748276,85.4428571429
Statsløs,2014.0,692.553748846,687.185714286,640.0,52.553748846,47.1857142857
Statsløs,2015.0,696.891272151,656.928571429,632.0,64.8912721511,24.9285714286
Finland,2012.0,723.238284446,718.378947368,772.0,-48.7617155537,-53.6210526316
Finland,2013.0,731.604905286,729.386466165,773.0,-41.3950947144,-43.6135338346
Finland,2014.0,745.813441408,740.393984962,827.0,-81.1865585922,-86.6060150376
Finland,2015.0,764.503154734,751.401503759,899.0,-134.496845266,-147.598496241
Island ligeret dansk,2012.0,3.88202213048,2.33684210526,4.0,-0.117977869522,-1.66315789474
Island ligeret dansk,2013.0,3.82755759598,1.95939849624,4.0,-0.172442404017,-2.04060150376
Island ligeret dansk,2014.0,3.33677132114,1.58195488722,3.0,0.336771321139,-1.41804511278
Island ligeret dansk,2015.0,2.90584351062,1.2045112782,2.0,0.905843510616,-0.795488721805
Island,2012.0,1939.40336726,2025.41578947,2015.0,-75.5966327362,10.4157894737
Island,2013.0,1966.88455412,2098.84586466,1993.0,-26.1154458794,105.845864662
Island,2014.0,1968.13234158,2172.27593985,1934.0,34.1323415808,238.27593985
Island,2015.0,2007.62618361,2245.70601504,1968.0,39.6261836142,277.706015038
Liechtenstein,2012.0,1.96427083008,2.09473684211,2.0,-0.0357291699178,0.0947368421052
Liechtenstein,2013.0,2.77677279953,2.17518796992,3.0,-0.223227200473,-0.824812030075
Liechtenstein,2014.0,1.12688668931,2.25563909774,1.0,0.126886689308,1.25563909774
Liechtenstein,2015.0,1.13508182883,2.33609022556,1.0,0.135081828835,1.33609022556
Luxembourg,2012.0,10.1249312832,11.8578947368,11.0,-0.875068716843,0.857894736842
Luxembourg,2013.0,10.0633717054,12.4443609023,11.0,-0.936628294645,1.44436090226
Luxembourg,2014.0,11.1254493457,13.0308270677,13.0,-1.87455065434,0.0308270676692
Luxembourg,2015.0,9.68253850184,13.6172932331,11.0,-1.31746149816,2.61729323308
Norge,2012.0,3741.47729636,3776.00526316,3833.0,-91.5227036389,-56.9947368421
Norge,2013.0,3832.89224936,3878.42481203,3896.0,-63.1077506422,-17.5751879699
Norge,2014.0,3914.23602625,3980.8443609,3969.0,-54.7639737514,11.8443609023
Norge,2015.0,4006.56054001,4083.26390977,4093.0,-86.4394599915,-9.73609022555
Kongelig,2012.0,9.78493403561,8.72105263158,11.0,-1.21506596439,-2.27894736842
Kongelig,2013.0,9.79064264448,8.95639097744,11.0,-1.20935735552,-2.04360902256
Kongelig,2014.0,9.64111032296,9.19172932331,11.0,-1.35888967704,-1.80827067669
Kongelig,2015.0,11.665206601,9.42706766917,15.0,-3.33479339904,-5.57293233083
Sverige,2012.0,4104.07144054,4082.48421053,4230.0,-125.928559464,-147.515789474
Sverige,2013.0,4233.7541893,4202.99699248,4310.0,-76.245810696,-107.003007519
Sverige,2014.0,4362.37936125,4323.50977444,4524.0,-161.620638746,-200.490225564
Sverige,2015.0,4486.72614167,4444.02255639,4745.0,-258.273858331,-300.977443609
Albanien,2012.0,50.3268021686,52.1578947368,54.0,-3.6731978314,-1.84210526316
Albanien,2013.0,52.392264758,54.8586466165,56.0,-3.60773524203,-1.14135338346
Albanien,2014.0,55.1749802654,57.5593984962,63.0,-7.8250197346,-5.44060150376
Albanien,2015.0,57.6147578709,60.2601503759,68.0,-10.3852421291,-7.73984962406
Belgien,2012.0,191.590099248,212.242105263,207.0,-15.4099007522,5.24210526316
Belgien,2013.0,204.055625334,220.055639098,227.0,-22.9443746665,-6.94436090225
Belgien,2014.0,202.049772581,227.869172932,231.0,-28.950227419,-3.13082706767
Belgien,2015.0,224.229779826,235.682706767,273.0,-48.7702201737,-37.3172932331
Bulgarien,2012.0,857.110011542,373.936842105,882.0,-24.8899884584,-508.063157895
Bulgarien,2013.0,1023.07376075,393.002255639,1078.0,-54.9262392454,-684.997744361
Bulgarien,2014.0,1095.65014557,412.067669173,1219.0,-123.349854427,-806.932330827
Bulgarien,2015.0,1219.982916,431.133082707,1413.0,-193.017083998,-981.866917293
Tjekkoslovakiet,2012.0,22.6150900703,16.3842105263,28.0,-5.38490992968,-11.6157894737
Tjekkoslovakiet,2013.0,20.3494356348,13.8827067669,24.0,-3.65056436523,-10.1172932331
Tjekkoslovakiet,2014.0,19.7981827098,11.3812030075,27.0,-7.2018172902,-15.6187969925
Tjekkoslovakiet,2015.0,17.5785961782,8.87969924812,23.0,-5.42140382183,-14.1203007519
Frankrig,2012.0,1760.35401865,1870.31578947,1979.0,-218.645981349,-108.684210526
Frankrig,2013.0,1740.12198714,1925.66015038,2020.0,-279.878012862,-94.3398496241
Frankrig,2014.0,1729.21098898,1981.00451128,2124.0,-394.78901102,-142.995488722
Frankrig,2015.0,1655.23230608,2036.34887218,2156.0,-500.767693915,-119.65112782
Grækenland,2012.0,378.079289288,309.363157895,474.0,-95.9207107124,-164.636842105
Grækenland,2013.0,427.062836197,312.112030075,594.0,-166.937163803,-281.887969925
Grækenland,2014.0,459.637605785,314.860902256,698.0,-238.362394215,-383.139097744
Grækenland,2015.0,471.10491295,317.609774436,744.0,-272.89508705,-426.390225564
Nederlandene,2012.0,747.542211214,713.221052632,826.0,-78.4577887857,-112.778947368
Nederlandene,2013.0,766.076673893,735.327819549,859.0,-92.923326107,-123.672180451
Nederlandene,2014.0,794.08131762,757.434586466,932.0,-137.91868238,-174.565413534
Nederlandene,2015.0,809.691132268,779.541353383,977.0,-167.308867732,-197.458646617
Irland,2012.0,418.215436046,419.273684211,473.0,-54.7845639545,-53.7263157895
Irland,2013.0,424.40027032,425.618796992,488.0,-63.5997296805,-62.3812030075
Irland,2014.0,429.791787194,431.963909774,544.0,-114.208212806,-112.036090226
Irland,2015.0,436.078579155,438.309022556,565.0,-128.921420845,-126.690977444
Italien,2012.0,1788.8132044,1695.17368421,1984.0,-195.186795604,-288.826315789
Italien,2013.0,2014.84361319,1747.97593985,2321.0,-306.156386806,-573.02406015
Italien,2014.0,2154.73674752,1800.77819549,2621.0,-466.263252477,-820.221804511
Italien,2015.0,2397.41651291,1853.58045113,3069.0,-671.58348709,-1215.41954887
Serbien og Montenegro,2012.0,31.2813749655,32.1263157895,36.0,-4.71862503453,-3.87368421053
Serbien og Montenegro,2013.0,25.3100734742,34.2526315789,30.0,-4.68992652578,4.25263157895
Serbien og Montenegro,2014.0,19.9545826567,36.3789473684,25.0,-5.04541734327,11.3789473684
Serbien og Montenegro,2015.0,14.5700765141,38.5052631579,19.0,-4.42992348593,19.5052631579
Jugoslavien,2012.0,1844.1725551,1854.15789474,2119.0,-274.827444898,-264.842105263
Jugoslavien,2013.0,1695.33187589,1706.6443609,1932.0,-236.668124113,-225.355639098
Jugoslavien,2014.0,1548.06349694,1559.13082707,1637.0,-88.9365030586,-77.8691729323
Jugoslavien,2015.0,1398.6114499,1411.61729323,1487.0,-88.3885501048,-75.3827067669
Malta,2012.0,13.4955902881,11.3578947368,16.0,-2.50440971195,-4.64210526316
Malta,2013.0,13.2547328463,12.0015037594,16.0,-2.74526715371,-3.9984962406
Malta,2014.0,14.095178342,12.645112782,18.0,-3.90482165804,-5.35488721805
Malta,2015.0,16.3023472754,13.2887218045,22.0,-5.69765272458,-8.71127819549
Polen,2012.0,2915.59766781,2281.91578947,3176.0,-260.402332187,-894.084210526
Polen,2013.0,2990.83177416,2375.91729323,3325.0,-334.168225845,-949.082706767
Polen,2014.0,3037.97484914,2469.91879699,3539.0,-501.02515086,-1069.08120301
Polen,2015.0,3229.89857411,2563.92030075,3906.0,-676.101425891,-1342.07969925
Portugal,2012.0,497.696722364,392.347368421,532.0,-34.3032776359,-139.652631579
Portugal,2013.0,539.373184268,407.894736842,587.0,-47.6268157316,-179.105263158
Portugal,2014.0,576.869688026,423.442105263,658.0,-81.1303119738,-234.557894737
Portugal,2015.0,727.282952634,438.989473684,849.0,-121.717047366,-410.010526316
Rumænien,2012.0,993.98514873,492.268421053,1008.0,-14.0148512698,-515.731578947
Rumænien,2013.0,1266.32775687,514.193984962,1302.0,-35.6722431298,-787.806015038
Rumænien,2014.0,1447.12439085,536.119548872,1563.0,-115.875609147,-1026.88045113
Rumænien,2015.0,1688.97144064,558.045112782,1891.0,-202.028559363,-1332.95488722
San Marino,2012.0,0.896916526598,0.705263157895,1.0,-0.103083473402,-0.294736842105
San Marino,2013.0,0.871392578957,0.753383458647,1.0,-0.128607421043,-0.246616541353
San Marino,2014.0,0.824948075162,0.801503759398,1.0,-0.175051924838,-0.198496240602
San Marino,2015.0,0.79160682276,0.84962406015,1.0,-0.20839317724,-0.15037593985
Schweiz,2012.0,352.064663888,353.226315789,380.0,-27.9353361123,-26.7736842105
Schweiz,2013.0,354.699272125,364.22406015,381.0,-26.3007278753,-16.7759398496
Schweiz,2014.0,349.725497831,375.221804511,376.0,-26.2745021693,-0.778195488721
Schweiz,2015.0,355.186209984,386.219548872,387.0,-31.8137900165,-0.780451127819
Sovjetunionen,2012.0,46.0705421727,32.9052631579,63.0,-16.9294578273,-30.0947368421
Sovjetunionen,2013.0,38.6200592241,22.3819548872,60.0,-21.3799407759,-37.6180451128
Sovjetunionen,2014.0,30.6155211767,11.8586466165,55.0,-24.3844788233,-43.1413533835
Sovjetunionen,2015.0,23.0103569951,1.33533834587,51.0,-27.9896430049,-49.6646616541
Spanien,2012.0,1266.68161546,1205.95263158,1397.0,-130.318384541,-191.047368421
Spanien,2013.0,1461.41526406,1254.77669173,1589.0,-127.584735941,-334.223308271
Spanien,2014.0,1634.9764993,1303.60075188,1824.0,-189.023500701,-520.39924812
Spanien,2015.0,1740.69786337,1352.42481203,1999.0,-258.302136635,-646.57518797
Storbritannien,2012.0,3893.91823343,3922.21578947,4097.0,-203.081766567,-174.784210526
Storbritannien,2013.0,3818.32352609,3953.67443609,4217.0,-398.676473914,-263.32556391
Storbritannien,2014.0,3879.35794748,3985.13308271,4342.0,-462.64205252,-356.866917293
Storbritannien,2015.0,3808.87921217,4016.59172932,4523.0,-714.120787825,-506.408270677
Tyrkiet,2012.0,4159.67997371,4192.16315789,4001.0,158.679973708,191.163157895
Tyrkiet,2013.0,3962.52058342,4100.56917293,3913.0,49.5205834195,187.569172932
Tyrkiet,2014.0,3807.48293707,4008.97518797,3866.0,-58.5170629309,142.97518797
Tyrkiet,2015.0,3618.84391678,3917.38120301,3792.0,-173.156083219,125.381203008
Ungarn,2012.0,486.291951764,317.078947368,523.0,-36.7080482359,-205.921052632
Ungarn,2013.0,523.266528308,332.30075188,577.0,-53.7334716917,-244.69924812
Ungarn,2014.0,590.593768438,347.522556391,686.0,-95.4062315619,-338.477443609
Ungarn,2015.0,658.747712128,362.744360902,796.0,-137.252287872,-433.255639098
Tyskland,2012.0,3090.41309936,2930.07368421,3416.0,-325.586900635,-485.926315789
Tyskland,2013.0,3221.55460134,3039.17593985,3632.0,-410.445398663,-592.82406015
Tyskland,2014.0,3284.05029614,3148.27819549,3880.0,-595.949703865,-731.721804511
Tyskland,2015.0,3292.81703628,3257.38045113,4021.0,-728.182963722,-763.619548872
Østrig,2012.0,291.499245939,285.168421053,326.0,-34.5007540608,-40.8315789474
Østrig,2013.0,311.199442345,294.436842105,357.0,-45.8005576554,-62.5631578947
Østrig,2014.0,304.201890693,303.705263158,361.0,-56.7981093072,-57.2947368421
Østrig,2015.0,308.761123437,312.973684211,377.0,-68.2388765631,-64.0263157895
Algeriet,2012.0,144.492929392,125.089473684,129.0,15.4929293916,-3.91052631579
Algeriet,2013.0,149.654821407,120.393233083,128.0,21.6548214071,-7.60676691729
Algeriet,2014.0,153.482222218,115.696992481,129.0,24.4822222184,-13.3030075188
Algeriet,2015.0,161.531189511,111.00075188,132.0,29.5311895105,-20.9992481203
Angola,2012.0,7.32233596303,11.5473684211,7.0,0.322335963035,4.54736842105
Angola,2013.0,7.36176027926,12.0661654135,7.0,0.36176027926,5.06616541353
Angola,2014.0,6.73718154075,12.584962406,6.0,0.737181540753,6.58496240601
Angola,2015.0,7.30009964467,13.1037593985,7.0,0.30009964467,6.1037593985
Botswana,2012.0,3.88653132529,4.11052631579,4.0,-0.113468674711,0.110526315789
Botswana,2013.0,3.89842479703,4.16390977444,4.0,-0.101575202968,0.163909774436
Botswana,2014.0,3.84803939016,4.21729323308,4.0,-0.151960609838,0.217293233083
Botswana,2015.0,3.83666134987,4.27067669173,4.0,-0.163338650129,0.270676691729
Burundi,2012.0,51.4468923612,81.3,52.0,-0.55310763882,29.3
Burundi,2013.0,52.0834758806,84.9571428571,53.0,-0.916524119356,31.9571428571
Burundi,2014.0,50.7141152293,88.6142857143,52.0,-1.28588477072,36.6142857143
Burundi,2015.0,48.2349383191,92.2714285714,48.0,0.234938319091,44.2714285714
Etiopien,2012.0,179.234119601,113.278947368,205.0,-25.7658803993,-91.7210526316
Etiopien,2013.0,205.376352289,112.50075188,248.0,-42.6236477113,-135.49924812
Etiopien,2014.0,208.524624947,111.722556391,262.0,-53.4753750526,-150.277443609
Etiopien,2015.0,211.650845377,110.944360902,273.0,-61.3491546227,-162.055639098
Comorerne,2012.0,3.65095911876,2.37368421053,4.0,-0.34904088124,-1.62631578947
Comorerne,2013.0,3.66748656071,2.36165413534,4.0,-0.332513439291,-1.63834586466
Comorerne,2014.0,3.62705445012,2.34962406015,4.0,-0.372945549884,-1.65037593985
Comorerne,2015.0,3.0985249092,2.33759398496,3.0,0.0985249092039,-0.662406015038
Eritrea,2012.0,32.6604108949,40.2684210526,37.0,-4.33958910511,3.26842105263
Eritrea,2013.0,36.176236062,41.9511278195,43.0,-6.82376393797,-1.04887218045
Eritrea,2014.0,38.69893243,43.6338345865,49.0,-10.30106757,-5.36616541353
Eritrea,2015.0,38.494683981,45.3165413534,50.0,-11.505316019,-4.68345864662
Gambia,2012.0,169.990884952,174.257894737,174.0,-4.00911504842,0.257894736842
Gambia,2013.0,159.602918279,173.372932331,161.0,-1.39708172093,12.3729323308
Gambia,2014.0,163.684805462,172.487969925,168.0,-4.31519453805,4.48796992481
Gambia,2015.0,169.483482281,171.603007519,175.0,-5.5165177188,-3.3969924812
Ghana,2012.0,310.829107808,356.552631579,331.0,-20.1708921924,25.5526315789
Ghana,2013.0,329.232133129,365.505263158,360.0,-30.767866871,5.50526315789
Ghana,2014.0,333.528563144,374.457894737,378.0,-44.4714368559,-3.54210526316
Ghana,2015.0,345.146394448,383.410526316,404.0,-58.8536055523,-20.5894736842
Guinea-Bissau,2012.0,11.2568272848,10.4263157895,13.0,-1.74317271523,-2.57368421053
Guinea-Bissau,2013.0,10.5671032767,10.8240601504,12.0,-1.43289672329,-1.17593984962
Guinea-Bissau,2014.0,10.9287741768,11.2218045113,13.0,-2.07122582317,-1.77819548872
Guinea-Bissau,2015.0,12.4848737793,11.6195488722,16.0,-3.51512622071,-4.38045112782
Guinea,2012.0,26.345079145,33.2894736842,28.0,-1.65492085499,5.28947368421
Guinea,2013.0,26.9318323156,34.4646616541,29.0,-2.06816768444,5.46466165414
Guinea,2014.0,28.7387230048,35.6398496241,33.0,-4.26127699519,2.63984962406
Guinea,2015.0,32.2447939856,36.815037594,40.0,-7.75520601445,-3.18496240602
Kap Verde,2012.0,0.84800105107,2.21578947368,1.0,-0.15199894893,1.21578947368
Kap Verde,2013.0,0.832157733564,2.26015037594,1.0,-0.167842266436,1.26015037594
Kap Verde,2014.0,1.47911513877,2.3045112782,2.0,-0.520884861225,0.304511278195
Kap Verde,2015.0,2.07843965891,2.34887218045,3.0,-0.921560341088,-0.651127819549
Kenya,2012.0,117.402241425,130.994736842,127.0,-9.59775857545,3.99473684211
Kenya,2013.0,116.98740121,134.446616541,127.0,-10.0125987897,7.44661654135
Kenya,2014.0,117.017812564,137.898496241,131.0,-13.9821874362,6.8984962406
Kenya,2015.0,127.942047643,141.35037594,151.0,-23.0579523571,-9.64962406015
Lesotho,2012.0,3.30173078503,3.16315789474,4.0,-0.698269214972,-0.836842105263
Lesotho,2013.0,2.54669924299,3.24060150376,3.0,-0.453300757008,0.240601503759
Lesotho,2014.0,3.12433020999,3.31804511278,4.0,-0.875669790008,-0.681954887218
Lesotho,2015.0,3.67721743762,3.3954887218,5.0,-1.32278256238,-1.6045112782
Liberia,2012.0,9.61839229304,7.39473684211,10.0,-0.381607706961,-2.60526315789
Liberia,2013.0,9.64269390736,7.16090225564,10.0,-0.357306092635,-2.83909774436
Liberia,2014.0,10.9269661565,6.92706766917,12.0,-1.0730338435,-5.07293233083
Liberia,2015.0,10.1254484263,6.69323308271,11.0,-0.874551573732,-4.30676691729
Libyen,2012.0,16.3106909382,15.5578947368,17.0,-0.689309061781,-1.44210526316
Libyen,2013.0,17.1393831473,15.6015037594,18.0,-0.860616852667,-2.3984962406
Libyen,2014.0,14.4404386729,15.645112782,15.0,-0.559561327135,0.645112781955
Libyen,2015.0,12.1685382724,15.6887218045,12.0,0.168538272435,3.68872180451
Mozambique,2012.0,20.5600833218,24.9789473684,22.0,-1.43991667815,2.97894736842
Mozambique,2013.0,20.0443876867,26.0721804511,21.0,-0.955612313271,5.07218045113
Mozambique,2014.0,20.8685677657,27.1654135338,23.0,-2.13143223428,4.16541353383
Mozambique,2015.0,21.2785252826,28.2586466165,24.0,-2.7214747174,4.25864661654
Madagaskar,2012.0,3.55132751574,4.28421052632,4.0,-0.448672484257,0.284210526316
Madagaskar,2013.0,2.88203463115,4.45413533835,3.0,-0.117965368847,1.45413533835
Madagaskar,2014.0,2.83259505371,4.62406015038,3.0,-0.167404946287,1.62406015038
Madagaskar,2015.0,1.64411608322,4.79398496241,1.0,0.644116083224,3.79398496241
Mali,2012.0,6.79510101339,8.96315789474,7.0,-0.204898986613,1.96315789474
Mali,2013.0,7.42631980817,9.28345864662,8.0,-0.573680191834,1.28345864662
Mali,2014.0,6.70305721763,9.6037593985,7.0,-0.296942782367,2.6037593985
Mali,2015.0,7.79709263272,9.92406015038,9.0,-1.20290736728,0.924060150376
Marokko,2012.0,1505.38439474,1517.65789474,1505.0,0.384394744164,12.6578947368
Marokko,2013.0,1472.75429427,1494.28721805,1478.0,-5.24570573428,16.2872180451
Marokko,2014.0,1435.63665749,1470.91654135,1502.0,-66.3633425132,-31.0834586466
Marokko,2015.0,1399.65866612,1447.54586466,1499.0,-99.3413338794,-51.4541353383
Mauritius,2012.0,14.932415224,10.1368421053,17.0,-2.06758477596,-6.86315789474
Mauritius,2013.0,9.95918893753,10.2308270677,10.0,-0.0408110624685,0.230827067669
Mauritius,2014.0,11.1440760331,10.3248120301,12.0,-0.855923966892,-1.67518796992
Mauritius,2015.0,12.9501654682,10.4187969925,15.0,-2.04983453179,-4.58120300752
Nigeria,2012.0,267.290098178,238.478947368,321.0,-53.7099018216,-82.5210526316
Nigeria,2013.0,268.454883809,248.615037594,327.0,-58.5451161912,-78.384962406
Nigeria,2014.0,267.805465496,258.75112782,339.0,-71.1945345039,-80.2488721805
Nigeria,2015.0,277.063531625,268.887218045,364.0,-86.9364683755,-95.1127819549
Namibia,2012.0,1.92037255412,3.25263157895,2.0,-0.0796274458764,1.25263157895
Namibia,2013.0,3.26527624143,3.37669172932,4.0,-0.73472375857,-0.623308270677
Namibia,2014.0,2.51365157159,3.5007518797,3.0,-0.486348428413,0.500751879699
Namibia,2015.0,3.6879200502,3.62481203008,5.0,-1.3120799498,-1.37518796992
Sierra Leone,2012.0,65.6685117889,83.4368421053,70.0,-4.33148821113,13.4368421053
Sierra Leone,2013.0,66.3412853126,84.5736842105,71.0,-4.65871468744,13.5736842105
Sierra Leone,2014.0,64.9272134453,85.7105263158,71.0,-6.07278655466,14.7105263158
Sierra Leone,2015.0,62.2966658717,86.8473684211,68.0,-5.70333412828,18.8473684211
Sudan,2012.0,103.691736536,103.431578947,114.0,-10.3082634639,-10.5684210526
Sudan,2013.0,102.465800019,106.377443609,110.0,-7.53419998137,-3.62255639098
Sudan,2014.0,106.259179718,109.323308271,120.0,-13.7408202818,-10.6766917293
Sudan,2015.0,110.0405815,112.269172932,129.0,-18.9594184995,-16.7308270677
Swaziland,2012.0,2.16584954659,1.43157894737,2.0,0.165849546595,-0.568421052632
Swaziland,2013.0,4.69084232977,1.40601503759,5.0,-0.309157670234,-3.59398496241
Swaziland,2014.0,2.96368259761,1.38045112782,3.0,-0.0363174023929,-1.61954887218
Swaziland,2015.0,2.94075960037,1.35488721805,3.0,-0.059240399629,-1.64511278195
Sydafrika,2012.0,104.918751001,111.252631579,115.0,-10.081248999,-3.74736842105
Sydafrika,2013.0,97.9057697551,115.919548872,100.0,-2.09423024489,15.9195488722
Sydafrika,2014.0,98.4519966631,120.586466165,102.0,-3.5480033369,18.5864661654
Sydafrika,2015.0,94.657183376,125.253383459,93.0,1.657183376,32.2533834586
Tanzania,2012.0,121.222543286,133.536842105,124.0,-2.77745671448,9.53684210526
Tanzania,2013.0,121.106020304,135.916541353,123.0,-1.89397969637,12.9165413534
Tanzania,2014.0,117.685960436,138.296240602,119.0,-1.31403956388,19.2962406015
Tanzania,2015.0,120.712885726,140.67593985,125.0,-4.28711427433,15.6759398496
Tunesien,2012.0,189.654994805,203.721052632,195.0,-5.3450051954,8.72105263158
Tunesien,2013.0,192.702645192,204.342105263,198.0,-5.29735480834,6.34210526316
Tunesien,2014.0,193.295475043,204.963157895,203.0,-9.70452495722,1.96315789474
Tunesien,2015.0,189.724369818,205.584210526,199.0,-9.27563018209,6.58421052632
Uganda,2012.0,170.839535737,180.257894737,186.0,-15.1604642629,-5.74210526316
Uganda,2013.0,173.777792309,183.001503759,191.0,-17.2222076911,-7.9984962406
Uganda,2014.0,168.789362824,185.745112782,191.0,-22.2106371762,-5.25488721805
Uganda,2015.0,169.800330795,188.488721805,196.0,-26.1996692047,-7.51127819549
Egypten,2012.0,247.914557338,225.010526316,271.0,-23.0854426622,-45.9894736842
Egypten,2013.0,250.378533587,223.978195489,276.0,-25.6214664128,-52.0218045113
Egypten,2014.0,260.237127235,222.945864662,305.0,-44.7628727646,-82.0541353383
Egypten,2015.0,265.373650056,221.913533835,321.0,-55.6263499437,-99.0864661654
Vanuatu,2012.0,0.019462114476,0.715789473684,0.0,0.019462114476,0.715789473684
Vanuatu,2013.0,0.0209895378095,0.731578947368,0.0,0.0209895378095,0.731578947368
Vanuatu,2014.0,0.0225169611429,0.747368421053,0.0,0.0225169611429,0.747368421053
Vanuatu,2015.0,0.0240443844764,0.763157894737,0.0,0.0240443844764,0.763157894737
Cameroun,2012.0,96.1052212889,107.7,101.0,-4.89477871109,6.7
Cameroun,2013.0,99.7660106882,113.342857143,106.0,-6.23398931184,7.34285714286
Cameroun,2014.0,110.262965614,118.985714286,131.0,-20.7370343863,-12.0142857143
Cameroun,2015.0,107.329271344,124.628571429,122.0,-14.6707286559,2.62857142857
Congo Demokratiske Republik,2012.0,13.8728390465,12.0789473684,14.0,-0.12716095346,-1.92105263158
Congo Demokratiske Republik,2013.0,14.7578032524,11.515037594,15.0,-0.242196747555,-3.48496240602
Congo Demokratiske Republik,2014.0,20.2185274086,10.9511278195,23.0,-2.78147259144,-12.0488721805
Congo Demokratiske Republik,2015.0,21.3351101305,10.3872180451,25.0,-3.66488986947,-14.6127819549
Congo Republikken,2012.0,23.5904186201,31.5263157895,26.0,-2.40958137994,5.52631578947
Congo Republikken,2013.0,23.5199130348,33.1954887218,26.0,-2.48008696522,7.1954887218
Congo Republikken,2014.0,22.4863348361,34.8646616541,25.0,-2.51366516386,9.86466165414
Congo Republikken,2015.0,22.2954194719,36.5338345865,25.0,-2.70458052806,11.5338345865
Benin,2012.0,7.38850009987,5.16315789474,7.0,0.388500099869,-1.83684210526
Benin,2013.0,6.70771643267,4.95488721805,6.0,0.707716432666,-1.04511278195
Benin,2014.0,5.98002332025,4.74661654135,5.0,0.980023320247,-0.253383458647
Benin,2015.0,6.09886172936,4.53834586466,5.0,1.09886172936,-0.461654135338
Elfenbenskysten,2012.0,76.6137974949,97.7210526316,84.0,-7.38620250513,13.7210526316
Elfenbenskysten,2013.0,73.2858004002,99.4135338346,80.0,-6.71419959985,19.4135338346
Elfenbenskysten,2014.0,76.3477621411,101.106015038,87.0,-10.6522378589,14.1060150376
Elfenbenskysten,2015.0,83.1814763836,102.798496241,99.0,-15.8185236164,3.7984962406
Gabon,2012.0,2.84997942046,1.50526315789,3.0,-0.150020579539,-1.49473684211
Gabon,2013.0,2.76030247931,1.61052631579,3.0,-0.239697520685,-1.38947368421
Gabon,2014.0,1.72488410693,1.71578947368,2.0,-0.275115893073,-0.284210526316
Gabon,2015.0,1.64747431964,1.82105263158,2.0,-0.352525680363,-0.178947368421
Mauretanien,2012.0,1.96103549361,2.95789473684,2.0,-0.0389645063898,0.957894736842
Mauretanien,2013.0,1.97415102413,2.93007518797,2.0,-0.0258489758741,0.93007518797
Mauretanien,2014.0,1.95049279644,2.9022556391,2.0,-0.0495072035637,0.902255639098
Mauretanien,2015.0,1.94986721639,2.87443609023,2.0,-0.0501327836087,0.874436090226
Niger,2012.0,1.78168248478,1.96315789474,2.0,-0.218317515224,-0.0368421052632
Niger,2013.0,1.76994127789,1.9977443609,2.0,-0.230058722108,-0.00225563909775
Niger,2014.0,1.7269776821,2.03233082707,2.0,-0.273022317899,0.0323308270677
Niger,2015.0,1.70356972374,2.06691729323,2.0,-0.296430276262,0.0669172932331
Rwanda,2012.0,18.0576443826,20.1473684211,21.0,-2.94235561736,-0.852631578948
Rwanda,2013.0,19.2531734737,21.2947368421,23.0,-3.74682652629,-1.70526315789
Rwanda,2014.0,24.1842963686,22.4421052632,30.0,-5.81570363141,-7.55789473684
Rwanda,2015.0,22.129597702,23.5894736842,29.0,-6.870402298,-5.41052631579
Senegal,2012.0,25.4489946823,30.9368421053,29.0,-3.55100531767,1.93684210526
Senegal,2013.0,24.1399283405,32.3308270677,28.0,-3.86007165952,4.33082706767
Senegal,2014.0,31.5782734602,33.7248120301,39.0,-7.42172653977,-5.27518796992
Senegal,2015.0,29.7990920936,35.1187969925,38.0,-8.20090790642,-2.88120300752
Somalia,2012.0,1901.37930162,2889.78421053,2075.0,-173.620698385,814.784210526
Somalia,2013.0,1898.32448496,2983.75413534,2092.0,-193.675515043,891.754135338
Somalia,2014.0,1871.53889297,3077.72406015,2128.0,-256.461107032,949.72406015
Somalia,2015.0,1817.36804613,3171.69398496,2087.0,-269.631953866,1084.69398496
Tchad,2012.0,1.52587081182,1.08421052632,2.0,-0.47412918818,-0.915789473684
Tchad,2013.0,1.51479651127,1.0969924812,2.0,-0.485203488728,-0.903007518797
Tchad,2014.0,1.47868218944,1.10977443609,2.0,-0.521317810558,-0.89022556391
Tchad,2015.0,1.91876368026,1.12255639098,3.0,-1.08123631974,-1.87744360902
Togo,2012.0,24.0203819238,31.4368421053,26.0,-1.97961807621,5.43684210526
Togo,2013.0,24.74658591,31.9736842105,27.0,-2.25341409,4.97368421053
Togo,2014.0,27.147272445,32.5105263158,31.0,-3.85272755498,1.51052631579
Togo,2015.0,27.4397756305,33.0473684211,32.0,-4.56022436952,1.04736842105
Burkina Faso,2012.0,6.6852777699,8.22105263158,7.0,-0.314722230105,1.22105263158
Burkina Faso,2013.0,6.69378364998,8.48496240602,7.0,-0.306216350018,1.48496240602
Burkina Faso,2014.0,6.5941707388,8.74887218045,7.0,-0.405829261195,1.74887218045
Burkina Faso,2015.0,7.13039588194,9.01278195489,8.0,-0.869604118059,1.01278195489
Zimbabwe,2012.0,22.8958661068,24.5473684211,24.0,-1.10413389323,0.547368421053
Zimbabwe,2013.0,18.6220006534,24.8947368421,18.0,0.622000653424,6.89473684211
Zimbabwe,2014.0,19.119651461,25.2421052632,19.0,0.119651461024,6.24210526316
Zimbabwe,2015.0,15.8923049625,25.5894736842,14.0,1.89230496253,11.5894736842
Zambia,2012.0,28.6204068298,27.0894736842,32.0,-3.37959317019,-4.91052631579
Zambia,2013.0,32.188462556,28.2360902256,37.0,-4.81153744403,-8.76390977444
Zambia,2014.0,30.8237984392,29.3827067669,37.0,-6.17620156079,-7.61729323308
Zambia,2015.0,25.515415746,30.5293233083,31.0,-5.48458425396,-0.470676691729
Malawi,2012.0,4.15212898388,3.40526315789,4.0,0.152128983884,-0.594736842105
Malawi,2013.0,3.68673743881,3.45338345865,3.0,0.686737438814,0.453383458647
Malawi,2014.0,3.72741608697,3.5015037594,3.0,0.727416086971,0.501503759399
Malawi,2015.0,4.74679834681,3.54962406015,5.0,-0.253201653191,-1.45037593985
Seychellerne,2012.0,0.973361050687,0.536842105263,1.0,-0.0266389493129,-0.463157894737
Seychellerne,2013.0,0.948349780491,0.402255639098,1.0,-0.0516502195089,-0.597744360902
Seychellerne,2014.0,0.912963868452,0.267669172932,1.0,-0.0870361315478,-0.732330827068
Seychellerne,2015.0,1.26567715645,0.133082706767,2.0,-0.73432284355,-1.86691729323
Afrika uoplyst,2012.0,8.18792413448,7.16842105263,9.0,-0.812075865519,-1.83157894737
Afrika uoplyst,2013.0,7.29041237238,7.37969924812,8.0,-0.709587627616,-0.62030075188
Afrika uoplyst,2014.0,3.28475327183,7.59097744361,3.0,0.284753271832,4.59097744361
Afrika uoplyst,2015.0,2.59416310306,7.8022556391,2.0,0.594163103059,5.8022556391
Argentina,2012.0,93.7146424933,89.6947368421,97.0,-3.28535750666,-7.30526315789
Argentina,2013.0,90.6669086757,89.9894736842,88.0,2.66690867565,1.98947368421
Argentina,2014.0,98.9247511462,90.2842105263,111.0,-12.0752488538,-20.7157894737
Argentina,2015.0,116.540547247,90.5789473684,161.0,-44.4594527532,-70.4210526316
Bahamas,2012.0,1.96411827302,2.64210526316,2.0,-0.0358817269829,0.642105263158
Bahamas,2013.0,1.97232127233,2.75563909774,2.0,-0.0276787276694,0.755639097744
Bahamas,2014.0,2.50173085724,2.86917293233,3.0,-0.498269142756,-0.130827067669
Bahamas,2015.0,2.47552316306,2.98270676692,3.0,-0.524476836937,-0.0172932330827
Bolivia,2012.0,28.7421458874,33.6052631579,30.0,-1.25785411256,3.60526315789
Bolivia,2013.0,26.77574579,35.0676691729,26.0,0.775745789958,9.06766917293
Bolivia,2014.0,28.205524539,36.530075188,29.0,-0.794475461028,7.53007518797
Bolivia,2015.0,28.2627452953,37.992481203,29.0,-0.737254704695,8.99248120301
Barbados,2012.0,3.17202193887,4.27894736842,3.0,0.172021938868,1.27894736842
Barbados,2013.0,3.19904938352,4.37218045113,3.0,0.199049383522,1.37218045113
Barbados,2014.0,3.17546231919,4.46541353383,3.0,0.175462319186,1.46541353383
Barbados,2015.0,3.1835768325,4.55864661654,3.0,0.183576832501,1.55864661654
Brasilien,2012.0,453.377241114,459.752631579,503.0,-49.6227588855,-43.2473684211
Brasilien,2013.0,456.087546705,476.805263158,513.0,-56.9124532949,-36.1947368421
Brasilien,2014.0,443.728034566,493.857894737,516.0,-72.2719654343,-22.1421052632
Brasilien,2015.0,464.896298835,510.910526316,560.0,-95.1037011645,-49.0894736842
Guyana,2012.0,3.11718059616,2.24736842105,3.0,0.117180596157,-0.752631578947
Guyana,2013.0,2.99529946857,1.85187969925,3.0,-0.00470053143107,-1.14812030075
Guyana,2014.0,2.84837367204,1.45639097744,3.0,-0.151626327956,-1.54360902256
Guyana,2015.0,2.71713419813,1.06090225564,3.0,-0.282865801865,-1.93909774436
Skt. Vincent og Grenadinerne,2012.0,-0.00458972999836,0.615789473684,0.0,-0.00458972999836,0.615789473684
Skt. Vincent og Grenadinerne,2013.0,-0.00495196581523,0.617293233083,0.0,-0.00495196581523,0.617293233083
Skt. Vincent og Grenadinerne,2014.0,-0.00531420163209,0.618796992481,0.0,-0.00531420163209,0.618796992481
Skt. Vincent og Grenadinerne,2015.0,-0.00567643744896,0.62030075188,0.0,-0.00567643744896,0.62030075188
Canada,2012.0,505.071571574,493.705263158,550.0,-44.9284284258,-56.2947368421
Canada,2013.0,525.333569605,510.310526316,582.0,-56.6664303952,-71.6894736842
Canada,2014.0,484.16804536,526.915789474,555.0,-70.8319546404,-28.0842105263
Canada,2015.0,511.104505164,543.521052632,605.0,-93.8954948355,-61.4789473684
Chile,2012.0,197.756672373,190.842105263,220.0,-22.2433276267,-29.1578947368
Chile,2013.0,198.151199625,190.812781955,221.0,-22.8488003752,-30.1872180451
Chile,2014.0,199.485255832,190.783458647,232.0,-32.5147441679,-41.2165413534
Chile,2015.0,197.094327963,190.754135338,223.0,-25.9056720371,-32.2458646617
Colombia,2012.0,113.913219527,120.010526316,124.0,-10.0867804729,-3.98947368421
Colombia,2013.0,118.670731013,124.84962406,132.0,-13.3292689873,-7.15037593985
Colombia,2014.0,120.873054956,129.688721805,139.0,-18.126945044,-9.31127819549
Colombia,2015.0,123.83881815,134.527819549,146.0,-22.1611818495,-11.4721804511
Costa Rica,2012.0,23.4962939914,18.3210526316,27.0,-3.50370600858,-8.67894736842
Costa Rica,2013.0,22.0558714932,18.9706766917,25.0,-2.94412850679,-6.02932330827
Costa Rica,2014.0,24.6381025373,19.6203007519,30.0,-5.36189746274,-10.3796992481
Costa Rica,2015.0,20.1379298986,20.269924812,23.0,-2.86207010139,-2.73007518797
Cuba,2012.0,137.619393048,165.457894737,141.0,-3.38060695204,24.4578947368
Cuba,2013.0,141.750553519,174.058646617,146.0,-4.24944648052,28.0586466165
Cuba,2014.0,141.773803069,182.659398496,146.0,-4.22619693087,36.6593984962
Cuba,2015.0,145.39830636,191.260150376,152.0,-6.60169363964,39.2601503759
Dominikanske Republik,2012.0,13.8849444466,9.12105263158,16.0,-2.11505555342,-6.87894736842
Dominikanske Republik,2013.0,14.4575994398,9.27067669173,17.0,-2.54240056024,-7.72932330827
Dominikanske Republik,2014.0,13.3179084785,9.42030075188,16.0,-2.68209152147,-6.57969924812
Dominikanske Republik,2015.0,13.069908196,9.56992481203,16.0,-2.930091804,-6.43007518797
Ecuador,2012.0,52.5394204183,73.9315789474,52.0,0.539420418295,21.9315789474
Ecuador,2013.0,55.84737079,76.177443609,57.0,-1.15262921004,19.177443609
Ecuador,2014.0,53.8670986295,78.4233082707,55.0,-1.13290137051,23.4233082707
Ecuador,2015.0,53.103311986,80.6691729323,54.0,-0.89668801398,26.6691729323
Guatemala,2012.0,28.935018043,31.1210526316,33.0,-4.06498195702,-1.87894736842
Guatemala,2013.0,23.4658477885,32.7278195489,26.0,-2.53415221152,6.72781954887
Guatemala,2014.0,24.8138950968,34.3345864662,29.0,-4.18610490321,5.33458646617
Guatemala,2015.0,24.3124684623,35.9413533835,29.0,-4.68753153772,6.94135338346
Grenada,2012.0,0.886302470975,1.63157894737,1.0,-0.113697529025,0.631578947368
Grenada,2013.0,0.874117772182,1.69172932331,1.0,-0.125882227818,0.691729323308
Grenada,2014.0,2.16177540474,1.75187969925,3.0,-0.838224595263,-1.24812030075
Grenada,2015.0,2.71644473637,1.81203007519,4.0,-1.28355526363,-2.18796992481
Haiti,2012.0,4.20525459971,2.97368421053,5.0,-0.794745400293,-2.02631578947
Haiti,2013.0,4.18634371037,3.06165413534,5.0,-0.813656289629,-1.93834586466
Haiti,2014.0,4.09291165838,3.14962406015,5.0,-0.907088341622,-1.85037593985
Haiti,2015.0,3.4979456178,3.23759398496,4.0,-0.502054382197,-0.762406015038
Surinam,2012.0,0.118298411806,-0.289473684211,0.0,0.118298411806,-0.289473684211
Surinam,2013.0,0.135918763783,-0.364661654135,0.0,0.135918763783,-0.364661654135
Surinam,2014.0,0.15353911576,-0.43984962406,0.0,0.15353911576,-0.43984962406
Surinam,2015.0,0.171159467737,-0.515037593985,0.0,0.171159467737,-0.515037593985
Dominica,2012.0,0.237484409777,1.93684210526,0.0,0.237484409777,1.93684210526
Dominica,2013.0,0.955764903158,1.98796992481,1.0,-0.0442350968422,0.987969924812
Dominica,2014.0,1.59562370721,2.03909774436,2.0,-0.404376292786,0.0390977443609
Dominica,2015.0,1.55808207943,2.09022556391,2.0,-0.441917920573,0.0902255639098
Skt. Lucia,2012.0,0.949745510166,0.384210526316,1.0,-0.0502544898344,-0.615789473684
Skt. Lucia,2013.0,0.920848839352,0.411278195489,1.0,-0.0791511606481,-0.588721804511
Skt. Lucia,2014.0,1.73717060788,0.438345864662,2.0,-0.262829392125,-1.56165413534
Skt. Lucia,2015.0,1.66239748498,0.465413533835,2.0,-0.337602515016,-1.53458646617
Honduras,2012.0,13.4234741605,18.4421052632,13.0,0.423474160489,5.44210526316
Honduras,2013.0,13.5184682888,19.2127819549,13.0,0.518468288814,6.21278195489
Honduras,2014.0,13.4303090652,19.9834586466,13.0,0.430309065233,6.98345864662
Honduras,2015.0,12.9386521588,20.7541353383,12.0,0.938652158792,8.75413533835
Jamaica,2012.0,22.3652023191,29.1631578947,24.0,-1.63479768094,5.16315789474
Jamaica,2013.0,20.802899982,29.7120300752,22.0,-1.19710001804,7.71203007519
Jamaica,2014.0,19.6743584364,30.2609022556,21.0,-1.3256415636,9.26090225564
Jamaica,2015.0,18.8603090489,30.8097744361,20.0,-1.13969095115,10.8097744361
Mexico,2012.0,172.084413769,172.294736842,194.0,-21.9155862313,-21.7052631579
Mexico,2013.0,179.39481919,179.946616541,207.0,-27.6051808102,-27.0533834586
Mexico,2014.0,186.147311863,187.598496241,226.0,-39.8526881369,-38.4015037594
Mexico,2015.0,201.745146454,195.25037594,253.0,-51.2548535459,-57.7496240602
Nicaragua,2012.0,22.4292360608,23.0894736842,22.0,0.429236060779,1.08947368421
Nicaragua,2013.0,22.9788968345,23.4218045113,23.0,-0.0211031655226,0.421804511278
Nicaragua,2014.0,23.3124245346,23.7541353383,24.0,-0.687575465367,-0.245864661654
Nicaragua,2015.0,24.3345664174,24.0864661654,27.0,-2.66543358263,-2.91353383459
Panama,2012.0,7.29765476769,6.23157894737,8.0,-0.702345232306,-1.76842105263
Panama,2013.0,7.96134987677,6.49172932331,9.0,-1.03865012323,-2.50827067669
Panama,2014.0,9.07905446957,6.75187969925,11.0,-1.92094553043,-4.24812030075
Panama,2015.0,11.4702417013,7.01203007519,15.0,-3.52975829866,-7.98796992481
Paraguay,2012.0,1.52378514422,1.25789473684,1.0,0.523785144216,0.257894736842
Paraguay,2013.0,1.56325472465,1.05864661654,1.0,0.563254724652,0.0586466165414
Paraguay,2014.0,1.58824300104,0.859398496241,1.0,0.588243001044,-0.140601503759
Paraguay,2015.0,2.68760722659,0.66015037594,3.0,-0.312392773412,-2.33984962406
Peru,2012.0,150.4012435,152.726315789,148.0,2.40124350022,4.72631578947
Peru,2013.0,153.526225291,157.452631579,140.0,13.5262252913,17.4526315789
Peru,2014.0,157.917776201,162.178947368,148.0,9.9177762012,14.1789473684
Peru,2015.0,160.705492929,166.905263158,137.0,23.7054929292,29.9052631579
El Salvador,2012.0,2.98358103116,1.87894736842,3.0,-0.0164189688412,-1.12105263158
El Salvador,2013.0,3.00896862358,1.78646616541,3.0,0.00896862357629,-1.21353383459
El Salvador,2014.0,4.65378399883,1.69398496241,6.0,-1.34621600117,-4.30601503759
El Salvador,2015.0,3.53064318135,1.6015037594,4.0,-0.469356818654,-2.3984962406
Trinidad og Tobago,2012.0,20.2791046206,14.0421052632,21.0,-0.720895379436,-6.95789473684
Trinidad og Tobago,2013.0,18.7451853579,13.7984962406,19.0,-0.25481464206,-5.2015037594
Trinidad og Tobago,2014.0,19.205123267,13.554887218,20.0,-0.794876733035,-6.44511278195
Trinidad og Tobago,2015.0,19.8304743808,13.3112781955,21.0,-1.16952561924,-7.68872180451
Uruguay,2012.0,20.0493773484,18.4105263158,18.0,2.04937734844,0.41052631579
Uruguay,2013.0,18.325738299,16.192481203,16.0,2.32573829904,0.192481203007
Uruguay,2014.0,16.9205942488,13.9744360902,16.0,0.920594248771,-2.02556390977
Uruguay,2015.0,15.7345991818,11.7563909774,17.0,-1.26540081821,-5.24360902256
USA,2012.0,2223.94779676,2119.57894737,2687.0,-463.052203238,-567.421052632
USA,2013.0,2169.30919521,2172.05789474,2356.0,-186.690804791,-183.942105263
USA,2014.0,2348.2666273,2224.53684211,3044.0,-695.733372703,-819.463157895
USA,2015.0,2251.36256198,2277.01578947,2534.0,-282.63743802,-256.984210526
Venezuela,2012.0,60.4407382455,73.4631578947,64.0,-3.55926175452,9.46315789474
Venezuela,2013.0,65.7617496221,77.054887218,73.0,-7.23825037786,4.05488721805
Venezuela,2014.0,68.0054243871,80.6466165414,79.0,-10.9945756129,1.64661654135
Venezuela,2015.0,70.096076214,84.2383458647,84.0,-13.903923786,0.238345864662
Yemen,2012.0,8.6360716607,11.7473684211,9.0,-0.363928339297,2.74736842105
Yemen,2013.0,8.63379444434,11.9947368421,9.0,-0.366205555657,2.99473684211
Yemen,2014.0,9.13524810181,12.2421052632,10.0,-0.864751898192,2.24210526316
Yemen,2015.0,9.67639639222,12.4894736842,11.0,-1.32360360778,1.48947368421
Forenede Arabiske Emirater,2012.0,2.90923297117,0.584210526316,3.0,-0.0907670288309,-2.41578947368
Forenede Arabiske Emirater,2013.0,2.81967109276,0.625563909774,3.0,-0.180328907241,-2.37443609023
Forenede Arabiske Emirater,2014.0,0.882408661214,0.666917293233,1.0,-0.117591338786,-0.333082706767
Forenede Arabiske Emirater,2015.0,0.843642625378,0.708270676692,1.0,-0.156357374622,-0.291729323308
Afghanistan,2012.0,598.45866126,731.031578947,636.0,-37.5413387398,95.0315789474
Afghanistan,2013.0,621.018250337,758.691729323,674.0,-52.9817496626,84.6917293233
Afghanistan,2014.0,612.641448473,786.351879699,677.0,-64.3585515274,109.351879699
Afghanistan,2015.0,598.56552534,814.012030075,658.0,-59.4344746598,156.012030075
Bahrain,2012.0,1.4417767233,-3.03684210526,0.0,1.4417767233,-3.03684210526
Bahrain,2013.0,1.66103100843,-4.08796992481,0.0,1.66103100843,-4.08796992481
Bahrain,2014.0,1.88028529355,-5.13909774436,0.0,1.88028529355,-5.13909774436
Bahrain,2015.0,2.09953957868,-6.19022556391,0.0,2.09953957868,-6.19022556391
Bhutan,2012.0,11.0610367361,13.6263157895,12.0,-0.938963263909,1.62631578947
Bhutan,2013.0,8.8360628618,14.3669172932,8.0,0.8360628618,6.36691729323
Bhutan,2014.0,9.3547659379,15.107518797,9.0,0.354765937902,6.10751879699
Bhutan,2015.0,8.8799800285,15.8481203008,8.0,0.879980028505,7.84812030075
Bangladesh,2012.0,495.989432066,242.021052632,494.0,1.98943206649,-251.978947368
Bangladesh,2013.0,541.592737385,253.827819549,552.0,-10.4072626155,-298.172180451
Bangladesh,2014.0,638.068646995,265.634586466,679.0,-40.9313530053,-413.365413534
Bangladesh,2015.0,713.737549038,277.441353383,787.0,-73.2624509615,-509.558646617
Brunei,2012.0,2.0,2.0,2.0,0.0,0.0
Brunei,2013.0,2.0,2.0,2.0,0.0,0.0
Brunei,2014.0,2.0,2.0,2.0,0.0,0.0
Brunei,2015.0,2.0,2.0,2.0,0.0,0.0
Myanmar,2012.0,55.4839114567,35.3210526316,60.0,-4.51608854326,-24.6789473684
Myanmar,2013.0,51.7143876268,37.384962406,58.0,-6.28561237316,-20.615037594
Myanmar,2014.0,46.7530569556,39.4488721805,56.0,-9.24694304436,-16.5511278195
Myanmar,2015.0,36.7650737593,41.5127819549,47.0,-10.2349262407,-5.48721804511
Cambodja,2012.0,19.1382784953,14.6578947368,21.0,-1.86172150466,-6.34210526316
Cambodja,2013.0,27.2968616627,15.1443609023,31.0,-3.70313833728,-15.8556390977
Cambodja,2014.0,20.4386811811,15.6308270677,24.0,-3.56131881889,-8.36917293233
Cambodja,2015.0,22.1390065794,16.1172932331,27.0,-4.86099342059,-10.8827067669
Sri Lanka,2012.0,79.1805115551,91.9210526316,79.0,0.180511555126,12.9210526316
Sri Lanka,2013.0,76.8223985144,91.6421052632,75.0,1.8223985144,16.6421052632
Sri Lanka,2014.0,83.2863122371,91.3631578947,84.0,-0.713687762888,7.36315789474
Sri Lanka,2015.0,84.9202312603,91.0842105263,86.0,-1.07976873973,5.08421052632
Cypern,2012.0,10.9540546362,6.66842105263,12.0,-1.04594536376,-5.33157894737
Cypern,2013.0,14.2692054981,6.62255639098,17.0,-2.73079450195,-10.377443609
Cypern,2014.0,15.1354780372,6.57669172932,19.0,-3.86452196282,-12.4233082707
Cypern,2015.0,17.866654727,6.53082706767,24.0,-6.13334527303,-17.4691729323
Taiwan,2012.0,43.5578737765,37.4052631579,47.0,-3.4421262235,-9.59473684211
Taiwan,2013.0,46.4822473986,38.2676691729,51.0,-4.5177526014,-12.7323308271
Taiwan,2014.0,39.9524459991,39.130075188,45.0,-5.04755400088,-5.86992481203
Taiwan,2015.0,50.7520775267,39.992481203,60.0,-9.24792247327,-20.007518797
Indien,2012.0,1646.50608999,1359.50526316,1807.0,-160.493910007,-447.494736842
Indien,2013.0,1559.25545935,1425.45338346,1756.0,-196.744540651,-330.546616541
Indien,2014.0,1672.61543174,1491.40150376,1982.0,-309.384568262,-490.598496241
Indien,2015.0,1761.1902282,1557.34962406,2168.0,-406.809771801,-610.65037594
Indonesien,2012.0,118.576917343,119.378947368,130.0,-11.4230826566,-10.6210526316
Indonesien,2013.0,121.37001727,123.043609023,134.0,-12.6299827297,-10.9563909774
Indonesien,2014.0,120.884552048,126.708270677,133.0,-12.1154479524,-6.29172932331
Indonesien,2015.0,123.010101911,130.372932331,137.0,-13.9898980895,-6.62706766917
Irak,2012.0,2616.15277356,3482.45263158,2791.0,-174.847226442,691.452631579
Irak,2013.0,2596.05157393,3582.1481203,2776.0,-179.948426069,806.148120301
Irak,2014.0,2521.01654399,3681.84360902,2746.0,-224.983456009,935.843609023
Irak,2015.0,2371.24516092,3781.53909774,2544.0,-172.754839082,1237.53909774
Iran,2012.0,734.615674578,665.526315789,819.0,-84.3843254221,-153.473684211
Iran,2013.0,710.991020439,623.052631579,821.0,-110.008979561,-197.947368421
Iran,2014.0,704.934389057,580.578947368,929.0,-224.065610943,-348.421052632
Iran,2015.0,710.867905936,538.105263158,1093.0,-382.132094064,-554.894736842
Israel,2012.0,208.592915425,209.126315789,199.0,9.59291542519,10.1263157895
Israel,2013.0,207.585754641,208.352631579,192.0,15.585754641,16.3526315789
Israel,2014.0,206.626117009,207.578947368,190.0,16.6261170092,17.5789473684
Israel,2015.0,206.183416071,206.805263158,192.0,14.1834160712,14.8052631579
Japan,2012.0,364.120836705,381.236842105,384.0,-19.879163295,-2.76315789474
Japan,2013.0,382.922021125,393.259398496,417.0,-34.077978875,-23.7406015038
Japan,2014.0,381.936032381,405.281954887,421.0,-39.0639676191,-15.7180451128
Japan,2015.0,365.392927904,417.304511278,383.0,-17.607072096,34.3045112782
Jordan,2012.0,454.680842957,454.626315789,451.0,3.68084295681,3.62631578947
Jordan,2013.0,455.408995523,455.381203008,451.0,4.40899552342,4.38120300752
Jordan,2014.0,456.167471235,456.136090226,459.0,-2.83252876538,-2.86390977444
Jordan,2015.0,456.926271277,456.890977444,460.0,-3.07372872318,-3.10902255639
Kina,2012.0,2142.2906605,2410.97894737,2306.0,-163.709339502,104.978947368
Kina,2013.0,2189.20498977,2519.54360902,2379.0,-189.795010235,140.543609023
Kina,2014.0,2195.91828055,2628.10827068,2447.0,-251.081719451,181.108270677
Kina,2015.0,2239.90298429,2736.67293233,2552.0,-312.097015707,184.672932331
Kuwait,2012.0,3.05607885445,3.27894736842,3.0,0.0560788544479,0.278947368421
Kuwait,2013.0,3.07856073179,3.28646616541,3.0,0.0785607317918,0.286466165414
Kuwait,2014.0,2.40882061282,3.29398496241,2.0,0.408820612823,1.29398496241
Kuwait,2015.0,3.66909385365,3.3015037594,4.0,-0.330906146355,-0.698496240602
Laos,2012.0,4.37579290381,4.36315789474,5.0,-0.624207096192,-0.636842105263
Laos,2013.0,5.08108686105,4.65488721805,6.0,-0.918913138954,-1.34511278195
Laos,2014.0,7.15280617823,4.94661654135,9.0,-1.84719382177,-4.05338345865
Laos,2015.0,4.61874105358,5.23834586466,6.0,-1.38125894642,-0.761654135338
Libanon,2012.0,369.727436223,389.373684211,348.0,21.7274362226,41.3736842105
Libanon,2013.0,369.296413225,370.018796992,335.0,34.2964132251,35.0187969925
Libanon,2014.0,364.584472677,350.663909774,324.0,40.584472677,26.6639097744
Libanon,2015.0,387.165516493,331.309022556,343.0,44.1655164927,-11.6909774436
Maldiverne,2012.0,1.71888166546,1.50526315789,2.0,-0.281118334544,-0.494736842105
Maldiverne,2013.0,0.871295923126,1.5962406015,1.0,-0.128704076874,0.596240601504
Maldiverne,2014.0,1.58979737673,1.68721804511,2.0,-0.41020262327,-0.312781954887
Maldiverne,2015.0,0.805210071089,1.77819548872,1.0,-0.194789928911,0.778195488722
Malaysia,2012.0,98.3385993151,90.5052631579,112.0,-13.6614006849,-21.4947368421
Malaysia,2013.0,103.63907246,94.5248120301,121.0,-17.36092754,-26.4751879699
Malaysia,2014.0,92.8564250057,98.5443609023,111.0,-18.1435749943,-12.4556390977
Malaysia,2015.0,98.1183371854,102.563909774,122.0,-23.8816628146,-19.4360902256
Mongoliet,2012.0,8.6128989482,9.15263157895,10.0,-1.3871010518,-0.847368421053
Mongoliet,2013.0,5.44389726885,9.73383458647,7.0,-1.55610273115,2.73383458647
Mongoliet,2014.0,6.78906108941,10.315037594,9.0,-2.21093891059,1.31503759398
Mongoliet,2015.0,5.53981223558,10.8962406015,8.0,-2.46018776442,2.8962406015
Oman,2012.0,0.0,0.0,0.0,0.0,0.0
Oman,2013.0,0.0,0.0,0.0,0.0,0.0
Oman,2014.0,0.0,0.0,0.0,0.0,0.0
Oman,2015.0,0.0,0.0,7.0,-7.0,-7.0
Nepal,2012.0,931.890736056,499.831578947,997.0,-65.1092639442,-497.168421053
Nepal,2013.0,1057.24221824,532.477443609,1164.0,-106.757781757,-631.522556391
Nepal,2014.0,1176.62981113,565.123308271,1370.0,-193.37018887,-804.876691729
Nepal,2015.0,1394.57400331,597.769172932,1692.0,-297.425996692,-1094.23082707
Nordkorea,2012.0,7.86893809598,7.10526315789,9.0,-1.13106190402,-1.89473684211
Nordkorea,2013.0,7.64902740726,7.53909774436,9.0,-1.35097259274,-1.46090225564
Nordkorea,2014.0,8.83053208996,7.97293233083,11.0,-2.16946791004,-3.02706766917
Nordkorea,2015.0,9.99145183867,8.40676691729,13.0,-3.00854816133,-4.59323308271
Pakistan,2012.0,3197.99236108,3352.68947368,3908.0,-710.007638925,-555.310526316
Pakistan,2013.0,3173.36938452,3350.95037594,3976.0,-802.630615479,-625.04962406
Pakistan,2014.0,3117.49908092,3349.2112782,4277.0,-1159.50091908,-927.788721805
Pakistan,2015.0,3070.2259987,3347.47218045,4502.0,-1431.7740013,-1154.52781955
Filippinerne,2012.0,1262.08539544,1145.40526316,1346.0,-83.9146045555,-200.594736842
Filippinerne,2013.0,1286.2413316,1177.2962406,1393.0,-106.758668404,-215.703759398
Filippinerne,2014.0,1232.17351519,1209.18721805,1397.0,-164.826484811,-187.812781955
Filippinerne,2015.0,1194.54296546,1241.07819549,1396.0,-201.457034545,-154.921804511
Saudi-Arabien,2012.0,2.38653844672,3.01578947368,2.0,0.386538446716,1.01578947368
Saudi-Arabien,2013.0,3.00828778113,2.94586466165,3.0,0.00828778112998,-0.0541353383459
Saudi-Arabien,2014.0,2.97439210638,2.87593984962,3.0,-0.0256078936154,-0.124060150376
Saudi-Arabien,2015.0,6.18259551672,2.80601503759,9.0,-2.81740448328,-6.19398496241
Singapore,2012.0,115.794676614,111.868421053,125.0,-9.20532338633,-13.1315789474
Singapore,2013.0,120.173517418,116.108270677,132.0,-11.8264825821,-15.8917293233
Singapore,2014.0,112.397292463,120.348120301,126.0,-13.6027075367,-5.65187969925
Singapore,2015.0,111.96603328,124.587969925,128.0,-16.0339667201,-3.41203007519
Sydkorea,2012.0,107.761451127,82.9263157895,118.0,-10.2385488729,-35.0736842105
Sydkorea,2013.0,115.895870297,86.1240601504,130.0,-14.1041297026,-43.8759398496
Sydkorea,2014.0,121.374217032,89.3218045113,143.0,-21.6257829682,-53.6781954887
Sydkorea,2015.0,122.521039019,92.5195488722,149.0,-26.4789609806,-56.4804511278
Syrien,2012.0,155.741839783,152.631578947,166.0,-10.2581602167,-13.3684210526
Syrien,2013.0,162.105862189,152.906015038,175.0,-12.8941378113,-22.0939849624
Syrien,2014.0,160.728787618,153.180451128,178.0,-17.2712123825,-24.8195488722
Syrien,2015.0,173.471875003,153.454887218,200.0,-26.5281249967,-46.545112782
Mellemøsten uoplyst,2012.0,2.94006034193,5.87368421053,3.0,-0.0599396580735,2.87368421053
Mellemøsten uoplyst,2013.0,2.93935803447,5.84736842105,3.0,-0.0606419655325,2.84736842105
Mellemøsten uoplyst,2014.0,2.88761528138,5.82105263158,3.0,-0.112384718621,2.82105263158
Mellemøsten uoplyst,2015.0,2.86784088446,5.79473684211,3.0,-0.132159115545,2.79473684211
Vietnam (2),2012.0,216.105254769,241.721052632,227.0,-10.8947452307,14.7210526316
Vietnam (2),2013.0,241.756306634,240.556390977,247.0,-5.24369336642,-6.44360902256
Vietnam (2),2014.0,240.301737712,239.391729323,250.0,-9.69826228812,-10.6082706767
Vietnam (2),2015.0,268.530388852,238.227067669,278.0,-9.46961114757,-39.7729323308
Thailand,2012.0,1587.11206259,1594.51052632,1551.0,36.1120625909,43.5105263158
Thailand,2013.0,1641.88926111,1652.07819549,1546.0,95.8892611147,106.078195489
Thailand,2014.0,1695.78912844,1709.64586466,1547.0,148.789128441,162.645864662
Thailand,2015.0,1750.24200974,1767.21353383,1544.0,206.24200974,223.213533835
Qatar,2012.0,0.98212820279,0.4,1.0,-0.0178717972098,-0.6
Qatar,2013.0,1.90418103067,0.428571428571,2.0,-0.0958189693273,-1.57142857143
Qatar,2014.0,0.898674581039,0.457142857143,1.0,-0.101325418961,-0.542857142857
Qatar,2015.0,1.71980246576,0.485714285714,2.0,-0.280197534243,-1.51428571429
Asien uoplyst,2012.0,2.5614914824,-0.642105263158,2.0,0.561491482404,-2.64210526316
Asien uoplyst,2013.0,2.6599736921,-1.24135338346,2.0,0.659973692095,-3.24135338346
Asien uoplyst,2014.0,2.09690340198,-1.84060150376,1.0,1.09690340198,-2.84060150376
Asien uoplyst,2015.0,2.21029141435,-2.43984962406,1.0,1.21029141435,-3.43984962406
Australien,2012.0,484.226191549,505.563157895,549.0,-64.7738084507,-43.4368421053
Australien,2013.0,517.931236528,528.840601504,600.0,-82.0687634718,-71.1593984962
Australien,2014.0,494.751416205,552.118045113,607.0,-112.248583795,-54.8819548872
Australien,2015.0,475.450720401,575.395488722,609.0,-133.549279599,-33.6045112782
Tonga,2012.0,3.16370010276,8.75789473684,2.0,1.16370010276,6.75789473684
Tonga,2013.0,3.24505961219,9.27293233083,2.0,1.24505961219,7.27293233083
Tonga,2014.0,3.29498174733,9.78796992481,2.0,1.29498174733,7.78796992481
Tonga,2015.0,3.3645941725,10.3030075188,2.0,1.3645941725,8.3030075188
Fiji,2012.0,0.98212820279,0.2,1.0,-0.0178717972098,-0.8
Fiji,2013.0,0.952090515336,0.214285714286,1.0,-0.0479094846637,-0.785714285714
Fiji,2014.0,1.79734916208,0.228571428571,2.0,-0.202650837922,-1.77142857143
Fiji,2015.0,1.71980246576,0.242857142857,2.0,-0.280197534243,-1.75714285714
New Zealand,2012.0,141.662702437,146.110526316,144.0,-2.33729756347,2.11052631579
New Zealand,2013.0,146.556107063,151.906766917,149.0,-2.44389293674,2.90676691729
New Zealand,2014.0,151.388945841,157.703007519,158.0,-6.61105415884,-0.296992481204
New Zealand,2015.0,152.429832626,163.49924812,143.0,9.42983262559,20.4992481203
Samoa,2012.0,1.58311212612,1.36842105263,2.0,-0.416887873878,-0.631578947368
Samoa,2013.0,1.55798049582,1.43684210526,2.0,-0.442019504179,-0.563157894737
Samoa,2014.0,1.50144539288,1.50526315789,2.0,-0.498554607123,-0.494736842105
Samoa,2015.0,1.46457934623,1.57368421053,2.0,-0.535420653774,-0.426315789474
Djibouti,2012.0,8.05820007966,9.57368421053,8.0,0.0582000796613,1.57368421053
Djibouti,2013.0,9.16527857853,9.89022556391,10.0,-0.834721421469,-0.10977443609
Djibouti,2014.0,9.07145249528,10.2067669173,10.0,-0.928547504717,0.206766917293
Djibouti,2015.0,9.99724538958,10.5233082707,12.0,-2.00275461042,-1.47669172932
Belize,2012.0,0.979944834301,1.17368421053,1.0,-0.0200551656994,0.173684210526
Belize,2013.0,0.981352218067,1.17593984962,1.0,-0.0186477819331,0.175939849624
Belize,2014.0,1.6391506634,1.17819548872,2.0,-0.360849336601,-0.821804511278
Belize,2015.0,1.60493069727,1.18045112782,2.0,-0.395069302734,-0.81954887218
Estland,2012.0,234.800756094,240.889473684,276.0,-41.1992439057,-35.1105263158
Estland,2013.0,252.139825246,253.864661654,305.0,-52.8601747535,-51.1353383459
Estland,2014.0,250.560897695,266.839849624,320.0,-69.4391023048,-53.1601503759
Estland,2015.0,242.984799587,279.815037594,323.0,-80.0152004132,-43.184962406
Letland,2012.0,392.69309815,274.231578947,412.0,-19.3069018496,-137.768421053
Letland,2013.0,451.270824386,290.263157895,478.0,-26.7291756138,-187.736842105
Letland,2014.0,488.202629729,306.294736842,544.0,-55.7973702714,-237.705263158
Letland,2015.0,499.682006887,322.326315789,585.0,-85.3179931132,-262.673684211
Litauen,2012.0,881.493448731,620.815789474,944.0,-62.506551269,-323.184210526
Litauen,2013.0,1009.49090962,658.37443609,1099.0,-89.5090903806,-440.62556391
Litauen,2014.0,1115.63263103,695.933082707,1276.0,-160.367368973,-580.066917293
Litauen,2015.0,1119.87003619,733.491729323,1348.0,-228.129963809,-614.508270677
Skt. Kitts og Nevis,2012.0,0.0235193669424,0.0157894736842,0.0,0.0235193669424,0.0157894736842
Skt. Kitts og Nevis,2013.0,0.026206370546,-0.0255639097744,0.0,0.026206370546,-0.0255639097744
Skt. Kitts og Nevis,2014.0,0.0288933741496,-0.0669172932331,0.0,0.0288933741496,-0.0669172932331
Skt. Kitts og Nevis,2015.0,0.0315803777532,-0.108270676692,0.0,0.0315803777532,-0.108270676692
Rusland,2012.0,644.133338399,750.026315789,695.0,-50.8666616014,55.0263157895
Rusland,2013.0,662.396364837,780.281203008,726.0,-63.6036351628,54.2812030075
Rusland,2014.0,670.047422657,810.536090226,758.0,-87.952577343,52.5360902256
Rusland,2015.0,680.86559159,840.790977444,787.0,-106.13440841,53.7909774436
Ukraine,2012.0,296.92260372,314.721052632,347.0,-50.0773962801,-32.2789473684
Ukraine,2013.0,300.268400485,331.542105263,359.0,-58.7315995151,-27.4578947368
Ukraine,2014.0,308.168495519,348.363157895,388.0,-79.8315044814,-39.6368421053
Ukraine,2015.0,338.366867244,365.184210526,447.0,-108.633132756,-81.8157894737
Hviderusland,2012.0,50.1779915969,54.5789473684,55.0,-4.82200840311,-0.421052631579
Hviderusland,2013.0,50.4018320404,57.515037594,54.0,-3.59816795958,3.51503759398
Hviderusland,2014.0,51.7458741318,60.4511278195,57.0,-5.2541258682,3.45112781955
Hviderusland,2015.0,52.5512019888,63.3872180451,58.0,-5.44879801124,5.38721804511
Armenien,2012.0,61.5009128271,86.1684210526,70.0,-8.49908717289,16.1684210526
Armenien,2013.0,56.6328392642,89.022556391,64.0,-7.3671607358,25.022556391
Armenien,2014.0,52.9863397682,91.8766917293,61.0,-8.01366023175,30.8766917293
Armenien,2015.0,50.7978428824,94.7308270677,59.0,-8.20215711758,35.7308270677
Aserbajdsjan,2012.0,23.6046696771,30.4210526316,25.0,-1.39533032286,5.42105263158
Aserbajdsjan,2013.0,22.369801444,31.6706766917,23.0,-0.630198556019,8.67067669173
Aserbajdsjan,2014.0,28.3488127376,32.9203007519,34.0,-5.65118726244,-1.07969924812
Aserbajdsjan,2015.0,24.6762081998,34.169924812,28.0,-3.32379180021,6.16992481203
Moldova,2012.0,30.0914942303,38.9105263158,32.0,-1.90850576967,6.91052631579
Moldova,2013.0,26.2794418479,40.8781954887,25.0,1.27944184786,15.8781954887
Moldova,2014.0,28.2600135087,42.8458646617,29.0,-0.739986491277,13.8458646617
Moldova,2015.0,26.2421593832,44.8135338346,25.0,1.24215938319,19.8135338346
Usbekistan,2012.0,44.8333220257,27.0052631579,47.0,-2.16667797434,-19.9947368421
Usbekistan,2013.0,37.6332592186,28.5819548872,42.0,-4.36674078144,-13.4180451128
Usbekistan,2014.0,42.8591834109,30.1586466165,50.0,-7.14081658907,-19.8413533835
Usbekistan,2015.0,32.7022572114,31.7353383459,42.0,-9.29774278861,-10.2646616541
Kasakhstan,2012.0,26.1474753791,20.2684210526,29.0,-2.8525246209,-8.73157894737
Kasakhstan,2013.0,38.7771480622,21.4082706767,42.0,-3.22285193776,-20.5917293233
Kasakhstan,2014.0,30.9635064743,22.5481203008,37.0,-6.03649352568,-14.4518796992
Kasakhstan,2015.0,28.1280075396,23.6879699248,36.0,-7.87199246037,-12.3120300752
Turkmenistan,2012.0,2.61665615787,2.21052631579,3.0,-0.383343842131,-0.789473684211
Turkmenistan,2013.0,0.717010334082,2.34962406015,1.0,-0.282989665918,1.34962406015
Turkmenistan,2014.0,0.657873824864,2.48872180451,1.0,-0.342126175136,1.48872180451
Turkmenistan,2015.0,1.42805575465,2.62781954887,2.0,-0.571944245353,0.627819548872
Kirgisistan,2012.0,7.68578074004,2.26842105263,9.0,-1.31421925996,-6.73157894737
Kirgisistan,2013.0,5.82691991578,2.39398496241,7.0,-1.17308008422,-4.60601503759
Kirgisistan,2014.0,5.5159275398,2.51954887218,7.0,-1.4840724602,-4.48045112782
Kirgisistan,2015.0,5.29304624623,2.64511278195,7.0,-1.70695375377,-4.35488721805
Tadsjikistan,2012.0,3.22374750931,6.90526315789,3.0,0.223747509314,3.90526315789
Tadsjikistan,2013.0,3.23878872622,7.31052631579,3.0,0.238788726219,4.31052631579
Tadsjikistan,2014.0,3.82204306578,7.71578947368,4.0,-0.177956934217,3.71578947368
Tadsjikistan,2015.0,2.61307916402,8.12105263158,2.0,0.613079164018,6.12105263158
Georgien,2012.0,22.4265349122,22.5052631579,26.0,-3.57346508783,-3.4947368421
Georgien,2013.0,22.79171048,23.5533834586,27.0,-4.20828952004,-3.44661654135
Georgien,2014.0,25.3635418727,24.6015037594,32.0,-6.63645812733,-7.3984962406
Georgien,2015.0,25.9646620132,25.6496240602,34.0,-8.03533798676,-8.35037593985
Kroatien,2012.0,137.952626468,161.731578947,150.0,-12.0473735316,11.7315789474
Kroatien,2013.0,145.537735778,166.806015038,163.0,-17.4622642222,3.80601503759
Kroatien,2014.0,151.121044152,171.880451128,178.0,-26.8789558475,-6.11954887218
Kroatien,2015.0,208.609805443,176.954887218,285.0,-76.3901945567,-108.045112782
Slovenien,2012.0,63.490214597,54.6684210526,72.0,-8.50978540303,-17.3315789474
Slovenien,2013.0,72.4253312657,58.0511278195,84.0,-11.5746687343,-25.9488721805
Slovenien,2014.0,72.9544808186,61.4338345865,90.0,-17.0455191814,-28.5661654135
Slovenien,2015.0,79.4422585939,64.8165413534,102.0,-22.5577414061,-37.1834586466
Bosnien-Hercegovina,2012.0,614.098903206,1048.71052632,662.0,-47.9010967942,386.710526316
Bosnien-Hercegovina,2013.0,610.892591761,1074.26390977,665.0,-54.107408239,409.263909774
Bosnien-Hercegovina,2014.0,606.679381491,1099.81729323,684.0,-77.3206185086,415.817293233
Bosnien-Hercegovina,2015.0,599.175462894,1125.37067669,688.0,-88.8245371062,437.370676692
Makedonien,2012.0,1157.87455234,1454.60526316,1213.0,-55.1254476577,241.605263158
Makedonien,2013.0,1189.44753074,1525.62481203,1260.0,-70.5524692628,265.62481203
Makedonien,2014.0,1268.97518602,1596.6443609,1441.0,-172.024813981,155.644360902
Makedonien,2015.0,1301.66514904,1667.66390977,1518.0,-216.334850958,149.663909774
Serbien,2012.0,92.1104633517,30.6947368421,97.0,-4.88953664829,-66.3052631579
Serbien,2013.0,105.039881643,32.8180451128,114.0,-8.96011835653,-81.1819548872
Serbien,2014.0,143.925780679,34.9413533835,165.0,-21.0742193209,-130.058646617
Serbien,2015.0,162.863625037,37.0646616541,195.0,-32.1363749635,-157.935338346
Jugoslavien Forbundsrepublikken,2012.0,85.3049060569,132.931578947,82.0,3.30490605692,50.9315789474
Jugoslavien Forbundsrepublikken,2013.0,83.634479516,139.920300752,78.0,5.63447951601,61.9203007519
Jugoslavien Forbundsrepublikken,2014.0,76.7479854253,146.909022556,66.0,10.7479854253,80.9090225564
Jugoslavien Forbundsrepublikken,2015.0,72.6575415288,153.897744361,57.0,15.6575415288,96.8977443609
Montenegro,2012.0,20.8858224512,5.81578947368,22.0,-1.11417754883,-16.1842105263
Montenegro,2013.0,51.898342697,6.21729323308,56.0,-4.10165730304,-49.7827067669
Montenegro,2014.0,85.0089164006,6.61879699248,97.0,-11.9910835994,-90.3812030075
Montenegro,2015.0,101.50648494,7.02030075188,121.0,-19.4935150603,-113.979699248
Kosovo,2012.0,52.9766565871,18.8157894737,56.0,-3.0233434129,-37.1842105263
Kosovo,2013.0,61.4605514668,20.1315789474,67.0,-5.53944853324,-46.8684210526
Kosovo,2014.0,84.911074418,21.4473684211,98.0,-13.088925582,-76.5526315789
Kosovo,2015.0,100.339567026,22.7631578947,121.0,-20.6604329741,-98.2368421053
Tjekkiet,2012.0,160.897874223,158.2,186.0,-25.1021257769,-27.8
Tjekkiet,2013.0,150.479394839,167.3,185.0,-34.5206051607,-17.7
Tjekkiet,2014.0,137.167100563,176.4,186.0,-48.8328994367,-9.6
Tjekkiet,2015.0,157.512996907,185.5,217.0,-59.4870030932,-31.5
Slovakiet,2012.0,224.347828808,144.231578947,242.0,-17.6521711925,-97.7684210526
Slovakiet,2013.0,216.949595473,153.44887218,243.0,-26.0504045272,-89.5511278195
Slovakiet,2014.0,233.934138561,162.666165414,277.0,-43.0658614391,-114.333834586
Slovakiet,2015.0,260.634864432,171.883458647,321.0,-60.3651355681,-149.116541353
Færøerne,2012.0,-2.44398651826e-18,-0.168421052632,0.0,-2.44398651826e-18,-0.168421052632
Færøerne,2013.0,-6.74924674619e-18,-0.193984962406,0.0,-6.74924674619e-18,-0.193984962406
Færøerne,2014.0,-1.10545069741e-17,-0.21954887218,0.0,-1.10545069741e-17,-0.21954887218
Færøerne,2015.0,-1.5359767202e-17,-0.245112781955,0.0,-1.5359767202e-17,-0.245112781955
Land ukendt (1),2012.0,9.95486321604,14.5631578947,10.0,-0.0451367839553,4.56315789474
Land ukendt (1),2013.0,10.6251198705,15.1406015038,11.0,-0.374880129482,4.14060150376
Land ukendt (1),2014.0,5.56726890588,15.7180451128,3.0,2.56726890588,12.7180451128
Land ukendt (1),2015.0,4.54680010861,16.2954887218,1.0,3.54680010861,15.2954887218
